Id,COD UF,UF,REGIAO,COD 6num,CD_GEOCMU,NM_MUNICIP,biome,year,seq,number,pop,rate,rate_n,analf,san,pob,vuln,rural,migr,ab,med,esf,tmi,temp,prec,ndvi,ndwi
BA-2010,29,BA,NE,290010,2900108,Abaíra,2,2010,1828,3,8316,36.1,36.1,19.45 ,8.0 ,31.23,2.9,55,5,8,5,0,28.1,29.69971667,887.5693694,0.587537957,0.28355078
BA-2010,29,BA,NE,290020,2900207,Abaré,2,2010,1829,4,17064,23.4,23.4,26.85 ,21.8 ,46.3,11.2,47,16,11,10,,22.9,35.23539348,415.8702222,0.399606759,0.066341878
BA-2010,29,BA,NE,290030,2900306,Acajutiba,2,2010,1830,7,14653,47.8,47.8,22.3 ,17.4 ,47.76,11.1,13,5,10,10,3,32.6,31.47327354,1119.300469,0.66703366,0.456713521
BA-2010,29,BA,NE,290035,2900355,Adustina,2,2010,1831,1,15702,6.4,6.4,35.53 ,44.2 ,49.43,29.7,65,6,9,5,0,33.7,35.80216904,634.415558,0.516611203,0.247216657
BA-2010,29,BA,NE,290040,2900405,Água Fria,2,2010,1832,30,15731,190.7,190.7,27.26 ,42.8 ,48.75,17.5,63,1,8,9,1,28,32.18101193,815.6895726,0.595764042,0.323105528
BA-2010,29,BA,NE,290050,2900504,Érico Cardoso,2,2010,1833,1,10859,9.2,9.2,30.27 ,22.6 ,24.5,17.0,81,2,8,6,0,26,29.37514928,717.3188122,0.575165417,0.286133489
BA-2010,29,BA,NE,290060,2900603,Aiquara,4,2010,1834,7,4602,152.1,152.1,23.76 ,28.7 ,20.04,11.0,42,2,3,6,1,30.6,29.20850095,826.2989314,0.756302028,0.574999737
BA-2010,29,BA,NE,290070,2900702,Alagoinhas,4,2010,1835,6,141949,4.2,4.2,10.16 ,4.1 ,31.09,2.1,13,4,139,200,1,21.84,32.02619793,1296.515666,0.684436719,0.482963995
BA-2010,29,BA,NE,290080,2900801,Alcobaça,4,2010,1836,12,21271,56.4,56.4,23.59 ,33.0 ,33.81,14.8,48,12,17,18,1,23.6,29.15619776,1284.431789,0.72066585,0.553036232
BA-2010,29,BA,NE,290090,2900900,Almadina,4,2010,1837,0,6357,0.0,0.0,31.82 ,16.3 ,29.42,6.1,20,4,2,,0,27.2,28.32937621,1054.406467,0.769651404,0.589368649
BA-2010,29,BA,NE,290100,2901007,Amargosa,4,2010,1838,44,34351,128.1,128.1,20.85 ,15.9 ,27.17,8.1,28,2,18,39,0,18.1,31.30018861,905.0422428,0.634901829,0.428128241
BA-2010,29,BA,NE,290110,2901106,Amélia Rodrigues,4,2010,1839,4,25190,15.9,15.9,13.22 ,11.0 ,50.37,4.2,21,4,15,14,,17.7,31.2832136,1429.85534,0.689349052,0.493002002
BA-2010,29,BA,NE,290115,2901155,América Dourada,2,2010,1840,248,15961,1553.8,1553.8,27.53 ,17.7 ,36.59,8.0,32,7,12,9,5,27.2,36.4309015,521.3497097,0.386129346,0.042379854
BA-2010,29,BA,NE,290120,2901205,Anagé,2,2010,1841,0,25516,0.0,0.0,33.87 ,63.7 ,51.18,33.0,81,4,9,12,4,23.7,32.58761648,616.2077725,0.489985703,0.196266358
BA-2010,29,BA,NE,290130,2901304,Andaraí,2,2010,1842,59,13960,422.6,422.6,26.56 ,23.5 ,37.4,12.8,44,2,9,10,,24.9,29.82524054,724.0945714,0.623070656,0.357375308
BA-2010,29,BA,NE,290135,2901353,Andorinha,2,2010,1843,17,14414,117.9,117.9,25.71 ,44.1 ,43.2,17.5,57,5,8,3,2,30.9,34.96081753,551.7478471,0.53986402,0.244490263
BA-2010,29,BA,NE,290140,2901403,Angical,3,2010,1844,8,14073,56.8,56.8,24.55 ,36.9 ,34.52,18.7,54,5,3,8,0,22.6,32.84767155,917.9610295,0.613471568,0.383898494
BA-2010,29,BA,NE,290150,2901502,Anguera,4,2010,1845,16,10242,156.2,156.2,23.13 ,34.4 ,40.23,17.3,58,1,10,4,1,24.6,33.89955086,750.4203478,0.613118384,0.370735936
BA-2010,29,BA,NE,290160,2901601,Antas,2,2010,1846,14,17072,82.0,82.0,28.33 ,11.3 ,35.81,6.5,63,3,7,15,4,29.4,33.56130254,705.0471245,0.636129682,0.382767744
BA-2010,29,BA,NE,290170,2901700,Antônio Cardoso,2,2010,1847,21,11554,181.8,181.8,29.07 ,38.9 ,34.35,23.5,72,1,7,2,,24.3,31.98922374,742.0948799,0.626092214,0.392449795
BA-2010,29,BA,NE,290180,2901809,Antônio Gonçalves,2,2010,1848,13,11015,118.0,118.0,19.72 ,14.5 ,52.66,6.6,48,5,6,,1,29.1,30.82890534,783.4700562,0.68717297,0.467447744
BA-2010,29,BA,NE,290190,2901908,Aporá,4,2010,1849,4,17731,22.6,22.6,27.81 ,15.2 ,36.49,10.3,52,4,10,15,5,27.3,31.85190633,982.2340992,0.657134098,0.422854625
BA-2010,29,BA,NE,290195,2901957,Apuarema,4,2010,1850,4,7459,53.6,53.6,31.03 ,24.8 ,44.16,11.6,31,3,3,3,0,30.3,28.42025903,973.2512314,0.742184326,0.550490632
BA-2010,29,BA,NE,290200,2902005,Aracatu,2,2010,1851,3,13743,21.8,21.8,29.38 ,69.1 ,25.99,32.8,71,3,10,18,,26.6,33.21187503,551.9563385,0.442072562,0.111638863
BA-2010,29,BA,NE,290205,2902054,Araças,4,2010,1852,1,11561,8.6,8.6,23.15 ,25.9 ,50.99,12.6,50,3,7,5,0,28.5,30.52586677,1514.127829,0.727728564,0.549933981
BA-2010,29,BA,NE,290210,2902104,Araci,2,2010,1853,43,51651,83.3,83.3,34.31 ,42.5 ,36.61,33.0,62,2,17,20,9,28,35.39105904,605.6826966,0.553961467,0.302357909
BA-2010,29,BA,NE,290220,2902203,Aramari,4,2010,1854,0,10036,0.0,0.0,19.58 ,27.0 ,35.07,16.6,49,2,6,1,0,25.5,30.62772839,1131.714617,0.679690799,0.474417
BA-2010,29,BA,NE,290225,2902252,Arataca,4,2010,1855,0,10392,0.0,0.0,31.58 ,29.4 ,35.8,15.3,46,3,9,2,2,26,25.50438702,1428.422881,0.852422285,0.709856288
BA-2010,29,BA,NE,290230,2902302,Aratuípe,4,2010,1856,0,8599,0.0,0.0,24.62 ,35.5 ,33.66,16.4,36,1,5,3,2,26.8,28.8144122,1496.947356,0.738330568,0.582933075
BA-2010,29,BA,NE,290240,2902401,Aurelino Leal,4,2010,1857,0,13595,0.0,0.0,26.72 ,13.7 ,47.6,6.3,16,3,9,8,2,25.8,28.55211703,1110.285381,0.770539457,0.60286634
BA-2010,29,BA,NE,290250,2902500,Baianópolis,3,2010,1858,27,13850,194.9,194.9,30.62 ,12.7 ,42.77,3.3,75,6,5,9,0,25,30.99900147,912.3748785,0.635543485,0.412772102
BA-2010,29,BA,NE,290260,2902609,Baixa Grande,2,2010,1859,132,20060,658.0,658.0,25.56 ,32.6 ,40.4,15.9,58,2,11,14,1,23.1,32.27926005,743.7065281,0.658714155,0.417899999
BA-2010,29,BA,NE,290265,2902658,Banzaê,2,2010,1860,14,11814,118.5,118.5,26.34 ,1.5 ,57.55,0.7,66,3,6,2,0,24,31.30686028,684.6578472,0.682754499,0.453157159
BA-2010,29,BA,NE,290270,2902708,Barra,2,2010,1861,375,49325,760.3,760.3,23.59 ,32.5 ,38.8,21.5,55,4,25,22,2,27.4,33.60241903,704.3029261,0.555156518,0.290566101
BA-2010,29,BA,NE,290280,2902807,Barra da Estiva,2,2010,1862,3,21187,14.2,14.2,18.03 ,19.6 ,29.9,5.7,51,3,10,19,1,34,30.24915579,688.0139253,0.56285027,0.286709956
BA-2010,29,BA,NE,290290,2902906,Barra do Choça,4,2010,1863,6,34788,17.2,17.2,27.71 ,13.7 ,40.74,7.6,36,4,18,30,2,23.8,30.04907925,744.0276652,0.693535139,0.459706268
BA-2010,29,BA,NE,290300,2903003,Barra do Mendes,2,2010,1864,505,13987,3610.5,3610.5,14.75 ,17.6 ,33.67,3.0,55,5,17,6,3,21.6,29.11979023,755.3700146,0.578868172,0.296301588
BA-2010,29,BA,NE,290310,2903102,Barra do Rocha,4,2010,1865,22,6313,348.5,348.5,26.79 ,30.5 ,15.3,14.1,40,2,7,3,,36.4,27.21730359,1095.592461,0.80694961,0.644834311
BA-2010,29,BA,NE,290320,2903201,Barreiras,3,2010,1866,232,137427,168.8,168.8,10.33 ,6.4 ,42.71,2.6,10,15,52,205,0,18.1,33.12792701,1040.016893,0.538370815,0.285409794
BA-2010,29,BA,NE,290323,2903235,Barro Alto,2,2010,1867,191,13612,1403.2,1403.2,18.21 ,5.0 ,29.73,1.4,51,5,12,5,4,29.4,34.12388656,677.3299919,0.433654777,0.07065543
BA-2010,29,BA,NE,290327,2903276,Barrocas,2,2010,1868,256,14191,1804.0,1804.0,19.7 ,17.2 ,30.67,7.0,60,1,13,7,0,21.2,34.62176622,590.8973449,0.560846281,0.269531367
BA-2010,29,BA,NE,290330,2903300,Barro Preto,4,2010,1869,6,6453,93.0,93.0,26.31 ,18.8 ,32.38,13.4,18,2,6,12,,28.6,26.67077228,1259.958342,0.841567563,0.706153579
BA-2010,29,BA,NE,290340,2903409,Belmonte,4,2010,1870,1,21798,4.6,4.6,24.76 ,14.5 ,37.4,7.4,48,3,19,23,2,23.7,27.45768231,1532.614226,0.731387222,0.589079166
BA-2010,29,BA,NE,290350,2903508,Belo Campo,2,2010,1871,2,16021,12.5,12.5,26.12 ,34.7 ,50.99,14.6,44,5,11,18,2,25.6,32.13036937,635.6073355,0.510861858,0.23067701
BA-2010,29,BA,NE,290360,2903607,Biritinga,2,2010,1872,58,14836,390.9,390.9,26.14 ,11.6 ,44.91,6.6,76,2,13,5,4,29.7,33.2356732,750.5696264,0.571194166,0.295367796
BA-2010,29,BA,NE,290370,2903706,Boa Nova,4,2010,1873,0,15411,0.0,0.0,31.7 ,31.0 ,51.34,16.2,62,3,9,2,0,26.8,30.0009399,560.9907826,0.62918261,0.38168396
BA-2010,29,BA,NE,290380,2903805,Boa Vista do Tupim,2,2010,1874,60,17991,333.5,333.5,30.31 ,33.4 ,33.92,17.0,63,2,15,10,3,31.4,31.84902129,584.7429049,0.596124083,0.336847354
BA-2010,29,BA,NE,290390,2903904,Bom Jesus da Lapa,2,2010,1875,57,63480,89.8,89.8,19.21 ,19.3 ,44.41,9.9,32,7,25,30,2,23,33.41989836,696.0143827,0.576883898,0.325416663
BA-2010,29,BA,NE,290395,2903953,Bom Jesus da Serra,4,2010,1876,0,10113,0.0,0.0,27.15 ,64.7 ,41.23,25.1,73,3,6,8,0,27.6,31.65712914,526.9467699,0.51817937,0.210649563
BA-2010,29,BA,NE,290400,2904001,Boninal,2,2010,1877,1,13695,7.3,7.3,22.02 ,12.9 ,40.9,3.6,66,5,18,6,2,20.8,29.18314117,721.1525215,0.584167928,0.311130519
BA-2010,29,BA,NE,290405,2904050,Bonito,2,2010,1878,0,14834,0.0,0.0,20.32 ,10.0 ,37.41,3.9,58,3,8,6,,40.8,28.75664938,671.1983022,0.683629312,0.467063263
BA-2010,29,BA,NE,290410,2904100,Boquira,2,2010,1879,101,22037,458.3,458.3,25.81 ,30.1 ,43.37,13.9,67,3,27,8,1,21.9,33.11162723,710.8194723,0.521972773,0.242471694
BA-2010,29,BA,NE,290420,2904209,Botuporã,2,2010,1880,164,11154,1470.3,1470.3,26.26 ,45.4 ,37.39,20.8,64,2,12,9,1,26.7,33.58068778,728.3904112,0.500495094,0.20933872
BA-2010,29,BA,NE,290430,2904308,Brejões,4,2010,1881,6,14282,42.0,42.0,24.22 ,22.5 ,47.62,9.6,65,2,7,2,2,23.1,31.48848755,762.4684873,0.593418366,0.343450916
BA-2010,29,BA,NE,290440,2904407,Brejolândia,3,2010,1882,3,11077,27.1,27.1,26.3 ,57.1 ,43.73,18.0,82,4,4,3,0,28.2,31.88681166,782.2559543,0.614497651,0.39027254
BA-2010,29,BA,NE,290450,2904506,Brotas de Macaúbas,2,2010,1883,3,10717,28.0,28.0,21.22 ,51.3 ,22.77,22.1,71,3,11,5,3,26.7,29.53948663,712.5760002,0.603210562,0.341576215
BA-2010,29,BA,NE,290460,2904605,Brumado,2,2010,1884,392,64602,606.8,606.8,16.28 ,20.7 ,39.59,7.9,30,4,39,64,1,18.1,34.1480592,612.5323357,0.450707296,0.130280465
BA-2010,29,BA,NE,290470,2904704,Buerarema,4,2010,1885,6,18605,32.2,32.2,23.1 ,13.5 ,53.76,4.4,18,3,8,13,3,23.5,26.63223965,1355.255791,0.818844203,0.678706009
BA-2010,29,BA,NE,290475,2904753,Buritirama,2,2010,1886,18,19600,91.8,91.8,26.03 ,51.8 ,22.87,28.3,60,6,4,3,0,25.5,32.35573178,721.3935041,0.592947046,0.343193489
BA-2010,29,BA,NE,290480,2904803,Caatiba,4,2010,1887,14,11420,122.6,122.6,30,34.2 ,49.42,12.3,53,2,8,5,2,27.1,29.29207476,771.8068226,0.732159067,0.52393203
BA-2010,29,BA,NE,290485,2904852,Cabaceiras do Paraguaçu,4,2010,1888,0,17327,0.0,0.0,26.48 ,53.3 ,32.7,27.5,73,1,13,3,1,25,31.07936826,880.6130204,0.529573108,0.30038757
BA-2010,29,BA,NE,290490,2904902,Cachoeira,4,2010,1889,21,32026,65.6,65.6,16.09 ,17.7 ,21.85,9.4,49,5,25,27,1,25.2,29.23833478,1289.072541,0.703807569,0.538448712
BA-2010,29,BA,NE,290500,2905008,Caculé,2,2010,1890,4,22236,18.0,18.0,20.17 ,12.5 ,48.29,5.2,40,5,17,19,,24.1,32.25261964,665.9479505,0.525186827,0.231985588
BA-2010,29,BA,NE,290510,2905107,Caém,2,2010,1891,6,10368,57.9,57.9,25.2 ,31.8 ,42.48,15.5,65,3,6,6,,37.2,33.52225498,782.0114505,0.62428086,0.378635206
BA-2010,29,BA,NE,290515,2905156,Caetanos,2,2010,1892,0,13639,0.0,0.0,27.04 ,69.1 ,30.45,32.9,76,2,6,5,1,32.3,33.66232763,542.3618267,0.444485666,0.148814303
BA-2010,29,BA,NE,290520,2905206,Caetité,2,2010,1893,108,47515,227.3,227.3,20.42 ,34.4 ,44.05,15.9,40,3,18,29,0,19,30.16702158,723.1224708,0.588447994,0.330203746
BA-2010,29,BA,NE,290530,2905305,Cafarnaum,2,2010,1894,1014,17209,5892.3,5892.3,21.82 ,18.3 ,32.74,7.7,39,5,7,7,1,30.4,34.5222144,544.3420282,0.433927228,0.097974742
BA-2010,29,BA,NE,290540,2905404,Cairu,4,2010,1895,5,15374,32.5,32.5,15.61 ,1.7 ,49.54,1.2,47,3,9,5,,18.1,27.06206049,1870.360332,0.677749534,0.630303379
BA-2010,29,BA,NE,290550,2905503,Caldeirão Grande,2,2010,1896,4,12491,32.0,32.0,29.26 ,24.1 ,39.64,16.5,64,2,7,6,1,26,35.19874126,758.8675036,0.575615979,0.315698264
BA-2010,29,BA,NE,290560,2905602,Camacan,4,2010,1897,5,31472,15.9,15.9,22.82 ,9.7 ,17.49,5.1,22,5,16,25,0,24.2,26.80241687,1310.960468,0.820109872,0.663046297
BA-2010,29,BA,NE,290570,2905701,Camaçari,4,2010,1898,217,242970,89.3,89.3,7.78 ,2.2 ,43.67,0.8,5,11,96,473,8,17.37,30.80746858,1924.904222,0.60203447,0.438685468
BA-2010,29,BA,NE,290580,2905800,Camamu,4,2010,1899,6,35180,17.1,17.1,26.65 ,28.5 ,55.26,19.1,56,2,13,21,4,35.3,26.05499551,1536.902581,0.782261949,0.679595589
BA-2010,29,BA,NE,290590,2905909,Campo Alegre de Lourdes,2,2010,1900,30,28090,106.8,106.8,27.96 ,68.4 ,44.15,30.3,71,11,11,9,,22.5,33.55747024,677.1910386,0.567496825,0.295531253
BA-2010,29,BA,NE,290600,2906006,Campo Formoso,2,2010,1901,34,66616,51.0,51.0,24.55 ,29.5 ,44.35,16.6,63,3,25,35,1,27.6,33.44042557,503.6202759,0.49427911,0.189552436
BA-2010,29,BA,NE,290610,2906105,Canápolis,3,2010,1902,48,9410,510.1,510.1,30.9 ,16.7 ,40.6,9.1,66,2,9,9,,30.8,31.48112748,859.9038742,0.596050092,0.356144576
BA-2010,29,BA,NE,290620,2906204,Canarana,2,2010,1903,1854,24067,7703.5,7703.5,19.01 ,18.2 ,29.95,6.9,52,4,11,9,3,30.4,35.67566818,559.0636139,0.393872481,0.047278315
BA-2010,29,BA,NE,290630,2906303,Canavieiras,4,2010,1904,34,32336,105.1,105.1,19.62 ,15.0 ,31.96,8.0,20,5,24,21,3,19.8,28.17421433,1587.528994,0.735531746,0.586932087
BA-2010,29,BA,NE,290640,2906402,Candeal,2,2010,1905,53,8895,595.8,595.8,25.73 ,50.0 ,20.81,21.4,61,1,7,3,2,21.2,33.99020514,613.2925257,0.597929573,0.357897135
BA-2010,29,BA,NE,290650,2906501,Candeias,4,2010,1906,15,83158,18.0,18.0,9.09 ,2.2 ,27.8,1.0,9,4,60,126,3,15.8,31.43773112,1825.985443,0.649645247,0.483188234
BA-2010,29,BA,NE,290660,2906600,Candiba,2,2010,1907,18,13210,136.3,136.3,25.56 ,27.5 ,36.66,11.5,42,4,4,10,1,28.8,34.81437341,711.637726,0.448018287,0.188500764
BA-2010,29,BA,NE,290670,2906709,Cândido Sales,4,2010,1908,14,27918,50.1,50.1,26.08 ,27.3 ,51.24,11.9,31,9,12,11,1,19.4,30.23576325,726.8334024,0.594021618,0.337564904
BA-2010,29,BA,NE,290680,2906808,Cansanção,2,2010,1909,59,32908,179.3,179.3,28.93 ,33.0 ,42.7,20.4,67,4,15,14,10,28.4,34.83904468,577.9538394,0.568203135,0.302355556
BA-2010,29,BA,NE,290682,2906824,Canudos,2,2010,1910,5,15732,31.8,31.8,25.24 ,31.6 ,32.99,13.6,45,5,7,12,0,36,33.17087072,642.9964468,0.560375356,0.282027876
BA-2010,29,BA,NE,290685,2906857,Capela do Alto Alegre,2,2010,1911,4,11527,34.7,34.7,27.98 ,18.7 ,27.02,8.4,52,3,10,7,2,23.8,36.2840961,592.810244,0.521499077,0.238749551
BA-2010,29,BA,NE,290687,2906873,Capim Grosso,2,2010,1912,64,26577,240.8,240.8,20.78 ,6.2 ,34.21,3.3,18,7,17,15,2,27.1,36.1402934,569.6613198,0.495415166,0.226099028
BA-2010,29,BA,NE,290689,2906899,Caraíbas,2,2010,1913,1,10222,9.8,9.8,32.87 ,66.5 ,35.07,28.8,75,5,7,2,0,29.4,32.78473217,620.4653231,0.46817481,0.151846253
BA-2010,29,BA,NE,290690,2906907,Caravelas,4,2010,1914,20,21414,93.4,93.4,24.95 ,16.9 ,53.25,9.9,47,11,18,9,1,20.5,29.24933646,1171.890703,0.694379576,0.525843101
BA-2010,29,BA,NE,290700,2907004,Cardeal da Silva,4,2010,1915,1,8899,11.2,11.2,23.01 ,23.5 ,46.23,14.3,67,2,4,4,1,30.2,29.25532347,1357.092179,0.722989335,0.546469166
BA-2010,29,BA,NE,290710,2907103,Carinhanha,3,2010,1916,1,28380,3.5,3.5,25.91 ,30.9 ,35.56,13.9,56,6,17,12,3,25.1,32.68201609,820.4386203,0.58321113,0.34389505
BA-2010,29,BA,NE,290720,2907202,Casa Nova,2,2010,1917,83,64940,127.8,127.8,24.86 ,37.5 ,34.13,13.7,42,16,17,21,2,30,33.67804886,456.7174604,0.391173097,0.120864973
BA-2010,29,BA,NE,290730,2907301,Castro Alves,4,2010,1918,9,25408,35.4,35.4,22.66 ,30.7 ,39.27,13.2,38,1,15,25,2,23.1,34.02774374,829.302273,0.611355005,0.341935654
BA-2010,29,BA,NE,290740,2907400,Catolândia,3,2010,1919,0,2612,0.0,0.0,25.71 ,28.6 ,25.26,12.5,63,3,1,,0,21.3,30.80376104,931.8219599,0.654294745,0.427347061
BA-2010,29,BA,NE,290750,2907509,Catu,4,2010,1920,74,51077,144.9,144.9,11.12 ,6.4 ,41.19,2.2,16,3,22,50,,17,32.0222719,1481.305059,0.699480579,0.504182514
BA-2010,29,BA,NE,290755,2907558,Caturama,2,2010,1921,40,8843,452.3,452.3,27.88 ,40.2 ,44.3,14.1,73,2,5,2,,23.8,34.23573137,664.367368,0.502315222,0.216386573
BA-2010,29,BA,NE,290760,2907608,Central,2,2010,1922,149,17013,875.8,875.8,20.01 ,11.6 ,43.89,5.0,52,5,19,4,1,31.7,35.90422799,564.9812905,0.427292884,0.125445016
BA-2010,29,BA,NE,290770,2907707,Chorrochó,2,2010,1923,1,10734,9.3,9.3,28.38 ,45.9 ,34.88,21.6,76,4,6,4,0,22.4,33.69815529,468.8987249,0.429191592,0.124227612
BA-2010,29,BA,NE,290780,2907806,Cícero Dantas,2,2010,1924,3,32300,9.3,9.3,32.9 ,16.0 ,36.86,12.0,45,4,14,12,0,34.8,32.53256651,749.3856212,0.631062622,0.384567334
BA-2010,29,BA,NE,290790,2907905,Cipó,2,2010,1925,18,15755,114.2,114.2,23.88 ,18.6 ,34.08,9.9,28,4,8,8,,28.6,33.99734808,840.8061743,0.575936899,0.2946695
BA-2010,29,BA,NE,290800,2908002,Coaraci,4,2010,1926,1,20964,4.8,4.8,23.55 ,7.0 ,41.85,4.4,9,4,10,16,1,25.4,28.67259998,1050.569059,0.7743338,0.604018347
BA-2010,29,BA,NE,290810,2908101,Cocos,3,2010,1927,75,18153,413.2,413.2,24.85 ,39.9 ,30.91,21.1,53,8,8,8,0,18.4,31.8892221,1047.168037,0.519082063,0.244530163
BA-2010,29,BA,NE,290820,2908200,Conceição da Feira,4,2010,1928,12,20391,58.8,58.8,16.05 ,14.1 ,41.78,3.1,36,1,13,8,1,24.6,30.1023315,1085.766508,0.626710394,0.451259583
BA-2010,29,BA,NE,290830,2908309,Conceição do Almeida,4,2010,1929,6,17889,33.5,33.5,20.43 ,32.9 ,30.29,11.6,56,1,14,15,2,18.3,31.59312889,1109.722272,0.656327063,0.457270115
BA-2010,29,BA,NE,290840,2908408,Conceição do Coité,2,2010,1930,163,62040,262.7,262.7,19.84 ,14.8 ,20.27,8.1,42,2,36,46,2,27,35.10819475,551.1539405,0.57574564,0.300904794
BA-2010,29,BA,NE,290850,2908507,Conceição do Jacuípe,4,2010,1931,13,30123,43.2,43.2,12.39 ,10.4 ,53.21,3.2,22,3,18,29,0,19.3,33.30274009,1188.972869,0.653816276,0.436566887
BA-2010,29,BA,NE,290860,2908606,Conde,4,2010,1932,0,23620,0.0,0.0,24.09 ,23.6 ,37.14,16.5,49,5,14,13,,36.3,29.49931191,1444.033203,0.698384502,0.543127662
BA-2010,29,BA,NE,290870,2908705,Condeúba,2,2010,1933,4,16898,23.7,23.7,27.24 ,34.1 ,33.51,11.2,56,4,15,7,2,20.8,30.21342602,739.7181588,0.58366824,0.319677905
BA-2010,29,BA,NE,290880,2908804,Contendas do Sincorá,2,2010,1934,0,4663,0.0,0.0,26.72 ,29.7 ,41.03,12.2,51,4,5,2,,38.6,31.37146105,655.8106669,0.560225029,0.29513306
BA-2010,29,BA,NE,290890,2908903,Coração de Maria,4,2010,1935,54,22401,241.1,241.1,21,53.8 ,30.64,23.2,58,1,13,15,3,25.2,33.36256283,988.6507383,0.659881253,0.424340582
BA-2010,29,BA,NE,290900,2909000,Cordeiros,4,2010,1936,1,8168,12.2,12.2,25.55 ,29.3 ,47.59,11.3,69,7,4,10,2,25.1,30.79514372,750.178177,0.562027248,0.298001745
BA-2010,29,BA,NE,290910,2909109,Coribe,3,2010,1937,40,14307,279.6,279.6,28.37 ,19.0 ,40.08,7.7,57,5,11,5,2,18,31.0173361,955.1197261,0.606864649,0.354367883
BA-2010,29,BA,NE,290920,2909208,Coronel João Sá,2,2010,1938,14,17066,82.0,82.0,39.29 ,42.5 ,43.34,29.3,59,11,17,4,2,34,36.43666142,638.3528485,0.561383969,0.28696483
BA-2010,29,BA,NE,290930,2909307,Correntina,3,2010,1939,12,31249,38.4,38.4,23.45 ,37.0 ,47.19,17.8,60,8,13,9,2,20.4,32.24585559,1063.889367,0.554468065,0.293521499
BA-2010,29,BA,NE,290940,2909406,Cotegipe,3,2010,1940,3,13636,22.0,22.0,29.84 ,36.0 ,39.91,20.1,51,3,5,4,1,28.1,34.16681999,908.0362066,0.591023427,0.333269713
BA-2010,29,BA,NE,290950,2909505,Cravolândia,4,2010,1941,0,5041,0.0,0.0,27.78 ,21.0 ,49.95,12.1,37,1,7,6,,24.8,29.31697701,873.9143963,0.684847126,0.481583115
BA-2010,29,BA,NE,290960,2909604,Crisópolis,2,2010,1942,3,20046,15.0,15.0,30.66 ,22.9 ,43.93,13.3,57,3,8,7,2,24.8,32.81123185,933.4453894,0.605727963,0.347271653
BA-2010,29,BA,NE,290970,2909703,Cristópolis,3,2010,1943,138,13280,1039.2,1039.2,30.2 ,14.7 ,25.24,8.6,76,5,7,1,1,24.6,31.53792071,949.8653602,0.641841831,0.409682716
BA-2010,29,BA,NE,290980,2909802,Cruz das Almas,4,2010,1944,7,58606,11.9,11.9,11.79 ,12.0 ,42.29,4.5,15,4,52,60,4,19.8,31.71758708,1047.48126,0.629209494,0.41535558
BA-2010,29,BA,NE,290990,2909901,Curaçá,2,2010,1945,62,32168,192.7,192.7,24.66 ,33.7 ,53.37,15.1,57,10,14,8,5,22.5,34.62078559,430.9350671,0.406824323,0.084436378
BA-2010,29,BA,NE,291000,2910008,Dário Meira,4,2010,1946,49,12836,381.7,381.7,34.07 ,30.3 ,24.11,18.1,60,2,7,5,1,23.7,28.58267454,784.1356161,0.75951795,0.582654483
BA-2010,29,BA,NE,291005,2910057,Dias d'Ávila,4,2010,1947,30,66440,45.2,45.2,8.21 ,2.5 ,38.49,0.6,6,12,27,75,1,17.5,31.76016502,2061.542552,0.574811893,0.427386208
BA-2010,29,BA,NE,291010,2910107,Dom Basílio,2,2010,1948,67,11355,590.0,590.0,23.79 ,40.6 ,35.37,18.2,80,2,10,8,,21.7,34.78145357,539.8248094,0.456483843,0.155873403
BA-2010,29,BA,NE,291020,2910206,Dom Macedo Costa,4,2010,1949,10,3874,258.1,258.1,20.79 ,45.6 ,32.01,17.8,55,2,4,5,,19.9,31.91525088,1274.412722,0.654492119,0.456983163
BA-2010,29,BA,NE,291030,2910305,Elísio Medrado,4,2010,1950,1,7947,12.6,12.6,25.43 ,19.6 ,42.7,4.9,59,2,7,2,,22.8,31.29610415,857.3889565,0.640167284,0.444495796
BA-2010,29,BA,NE,291040,2910404,Encruzilhada,4,2010,1951,4,23766,16.8,16.8,32.76 ,34.7 ,41.36,18.3,78,13,14,6,0,26.7,29.46022359,840.9167475,0.664571295,0.422752402
BA-2010,29,BA,NE,291050,2910503,Entre Rios,4,2010,1952,20,39872,50.2,50.2,18.07 ,17.7 ,33.88,9.9,40,5,20,50,7,21.4,29.80639084,1389.304277,0.722738487,0.548439326
BA-2010,29,BA,NE,291060,2910602,Esplanada,4,2010,1953,3,32802,9.1,9.1,21.61 ,13.9 ,38.32,8.6,37,7,15,21,4,29.3,30.08616502,1357.180634,0.704656119,0.524663476
BA-2010,29,BA,NE,291070,2910701,Euclides da Cunha,2,2010,1954,393,56289,698.2,698.2,27.44 ,13.0 ,42.22,8.9,51,4,22,27,1,27.6,32.32680134,679.1666987,0.628822928,0.363160759
BA-2010,29,BA,NE,291072,2910727,Eunápolis,4,2010,1955,16,100196,16.0,16.0,14.8 ,3.9 ,17.27,1.7,7,14,35,127,2,20.5,29.37004253,1177.223173,0.686852549,0.499038543
BA-2010,29,BA,NE,291075,2910750,Fátima,2,2010,1956,0,17652,0.0,0.0,35.12 ,17.9 ,43.36,10.2,61,7,7,6,,40.7,35.35578502,693.088754,0.537230159,0.256809731
BA-2010,29,BA,NE,291077,2910776,Feira da Mata,3,2010,1957,409,6184,6613.8,6613.8,22.41 ,40.6 ,49.43,10.3,48,3,5,4,0,25.1,31.67580616,952.3722122,0.61017009,0.360162423
BA-2010,29,BA,NE,291080,2910800,Feira de Santana,4,2010,1958,2448,556642,439.8,439.8,9.09 ,3.0 ,16.21,1.3,8,6,341,706,50,15.64,33.78284534,799.2695058,0.600894175,0.361093988
BA-2010,29,BA,NE,291085,2910859,Filadélfia,2,2010,1959,0,16740,0.0,0.0,22.52 ,19.2 ,44.18,9.3,46,4,15,6,,32,34.59170898,695.6889937,0.563893262,0.30686931
BA-2010,29,BA,NE,291090,2910909,Firmino Alves,4,2010,1960,7,5384,130.0,130.0,23.37 ,8.3 ,20.45,2.0,20,6,4,,1,37.8,30.37395991,831.92004,0.692644588,0.472929232
BA-2010,29,BA,NE,291100,2911006,Floresta Azul,4,2010,1961,36,10660,337.7,337.7,28.97 ,15.4 ,36.7,9.4,31,4,6,9,1,30.9,29.57500302,943.6562718,0.730184547,0.545881238
BA-2010,29,BA,NE,291110,2911105,Formosa do Rio Preto,3,2010,1962,8,22528,35.5,35.5,22.33 ,36.1 ,42.34,20.6,39,14,9,6,0,25,34.08970228,1075.512451,0.535374954,0.275722703
BA-2010,29,BA,NE,291120,2911204,Gandu,4,2010,1963,14,30336,46.1,46.1,22.83 ,18.0 ,26.39,9.8,18,3,19,24,6,23.7,27.57457387,1218.576434,0.798671982,0.629856311
BA-2010,29,BA,NE,291125,2911253,Gavião,2,2010,1964,4,4561,87.7,87.7,26.26 ,32.0 ,26.12,13.9,44,1,2,3,1,28,37.25431341,537.9696891,0.526551343,0.235046387
BA-2010,29,BA,NE,291130,2911303,Gentio do Ouro,2,2010,1965,120,10622,1129.7,1129.7,25.44 ,22.4 ,47.52,8.9,50,4,4,4,0,28.7,30.48078142,658.2849636,0.570151436,0.283291441
BA-2010,29,BA,NE,291140,2911402,Glória,2,2010,1966,28,15076,185.7,185.7,28.1 ,38.2 ,36.08,21.5,81,11,20,6,,23,34.80801637,475.2017735,0.440151429,0.159869524
BA-2010,29,BA,NE,291150,2911501,Gongogi,4,2010,1967,131,8357,1567.5,1567.5,28.44 ,21.8 ,39.9,13.0,36,3,7,5,0,23.4,28.7598894,1043.190239,0.762771161,0.59207173
BA-2010,29,BA,NE,291160,2911600,Governador Mangabeira,4,2010,1968,9,19818,45.4,45.4,17.45 ,43.3 ,29.65,17.1,63,3,14,11,2,26.6,30.67293122,939.6934579,0.620165698,0.414656623
BA-2010,29,BA,NE,291165,2911659,Guajeru,2,2010,1969,0,10412,0.0,0.0,29.93 ,51.6 ,34.94,24.8,80,2,6,3,2,23.9,32.09296183,672.7794679,0.517252095,0.217762684
BA-2010,29,BA,NE,291170,2911709,Guanambi,2,2010,1970,264,78833,334.9,334.9,15.42 ,14.5 ,18.04,5.3,21,5,74,109,1,20.8,35.31531856,688.6014515,0.439742324,0.195118861
BA-2010,29,BA,NE,291180,2911808,Guaratinga,4,2010,1971,4,22165,18.0,18.0,34.47 ,34.2 ,39.19,15.7,53,11,12,9,3,24.6,29.50288247,1050.957538,0.686124186,0.472856461
BA-2010,29,BA,NE,291185,2911857,Heliópolis,2,2010,1972,2,13192,15.2,15.2,31.96 ,12.5 ,41.87,11.4,59,6,4,3,3,27.8,35.4930325,642.2669107,0.555602332,0.266608719
BA-2010,29,BA,NE,291190,2911907,Iaçu,2,2010,1973,15,25736,58.3,58.3,24.99 ,18.8 ,42.22,9.1,22,3,17,15,3,38.2,34.22848699,611.0479344,0.518842833,0.254143176
BA-2010,29,BA,NE,291200,2912004,Ibiassucê,2,2010,1974,132,10062,1311.9,1311.9,21.05 ,11.5 ,19.95,4.4,53,4,11,3,2,20.8,32.59451853,660.5935397,0.526724848,0.226454695
BA-2010,29,BA,NE,291210,2912103,Ibicaraí,4,2010,1975,46,24272,189.5,189.5,21.5 ,4.9 ,32.53,2.7,26,4,13,13,4,25,28.06404962,1100.26436,0.797712199,0.638816412
BA-2010,29,BA,NE,291220,2912202,Ibicoara,2,2010,1976,0,17282,0.0,0.0,16.39 ,15.6 ,27.95,4.5,37,5,9,6,0,31,28.76132506,710.3957427,0.593858443,0.328306178
BA-2010,29,BA,NE,291230,2912301,Ibicuí,4,2010,1977,19,15785,120.4,120.4,25.52 ,23.6 ,31.83,11.7,24,3,9,9,1,22.3,32.08831404,806.2978918,0.659344224,0.428083257
BA-2010,29,BA,NE,291240,2912400,Ibipeba,2,2010,1978,656,17008,3857.0,3857.0,18.26 ,13.2 ,40.19,4.3,41,5,19,4,2,28.6,32.24093647,665.9683105,0.51389101,0.207483948
BA-2010,29,BA,NE,291250,2912509,Ibipitanga,4,2010,1979,31,14171,218.8,218.8,28.1 ,44.4 ,45.53,23.1,64,4,9,1,2,26.1,35.43930447,614.44972,0.484524875,0.200953144
BA-2010,29,BA,NE,291260,2912608,Ibiquera,2,2010,1980,38,4866,780.9,780.9,30.19 ,41.3 ,55.19,24.3,49,2,1,,,23.6,30.45593624,525.6936567,0.629769151,0.368370779
BA-2010,29,BA,NE,291270,2912707,Ibirapitanga,4,2010,1981,0,22598,0.0,0.0,31.91 ,30.5 ,42.04,18.5,73,2,9,5,7,27.8,26.09880065,1216.88896,0.809158911,0.674743094
BA-2010,29,BA,NE,291280,2912806,Ibirapuã,4,2010,1982,7,7956,88.0,88.0,23.34 ,27.6 ,18.25,8.5,43,22,10,4,0,23.2,31.04525796,1049.419547,0.637297882,0.423798811
BA-2010,29,BA,NE,291290,2912905,Ibirataia,4,2010,1983,47,18943,248.1,248.1,28.88 ,14.6 ,34.4,9.1,17,3,10,14,0,20.8,27.11032738,1080.34237,0.801415564,0.639643529
BA-2010,29,BA,NE,291300,2913002,Ibitiara,2,2010,1984,26,15508,167.7,167.7,23.22 ,29.3 ,44.79,15.3,78,2,14,6,2,28.6,31.81847822,656.8292495,0.525499275,0.247908718
BA-2010,29,BA,NE,291310,2913101,Ibititá,2,2010,1985,199,17840,1115.5,1115.5,22.73 ,6.4 ,41.72,2.1,53,8,14,3,4,28,36.21674924,568.0328374,0.373854084,0.026254905
BA-2010,29,BA,NE,291320,2913200,Ibotirama,2,2010,1986,8,25424,31.5,31.5,17.98 ,14.9 ,33.68,7.0,23,8,12,21,0,22.3,33.5465415,783.4971776,0.523930755,0.26815445
BA-2010,29,BA,NE,291330,2913309,Ichu,2,2010,1987,133,5255,2530.9,2530.9,14.24 ,26.8 ,32.86,5.0,36,1,5,5,,23.8,34.24127964,603.7959063,0.611907721,0.35751446
BA-2010,29,BA,NE,291340,2913408,Igaporã,2,2010,1988,19,15205,125.0,125.0,20.39 ,32.3 ,28.8,12.0,48,2,12,9,1,24.5,31.42718788,678.7673076,0.552862489,0.323720008
BA-2010,29,BA,NE,291345,2913457,Igrapiúna,4,2010,1989,2,13343,15.0,15.0,24.49 ,46.4 ,42.51,25.5,68,1,8,8,1,20.8,26.57899008,1547.294121,0.75849199,0.667574244
BA-2010,29,BA,NE,291350,2913507,Iguaí,4,2010,1990,757,25705,2945.0,2945.0,30.22 ,28.6 ,41.24,15.2,43,3,16,6,0,21.2,29.89851672,742.7545592,0.706874796,0.498336661
BA-2010,29,BA,NE,291360,2913606,Ilhéus,4,2010,1991,1394,184236,756.6,756.6,12.49 ,9.0 ,18.42,4.9,16,7,85,207,12,18,26.35978662,1428.266763,0.810273302,0.682479647
BA-2010,29,BA,NE,291370,2913705,Inhambupe,2,2010,1992,5,36306,13.8,13.8,25.58 ,19.2 ,41.58,10.3,57,6,23,6,4,26.1,31.72102904,1006.590991,0.655805916,0.41766924
BA-2010,29,BA,NE,291380,2913804,Ipecaetá,2,2010,1993,11,15331,71.8,71.8,26.23 ,42.0 ,51.81,26.4,83,1,7,7,3,23,34.75501956,603.1601896,0.59109117,0.320252739
BA-2010,29,BA,NE,291390,2913903,Ipiaú,4,2010,1994,909,44390,2047.8,2047.8,19.91 ,6.2 ,30.58,3.1,9,5,42,33,1,19.8,27.87463162,989.2795539,0.785514361,0.614485452
BA-2010,29,BA,NE,291400,2914000,Ipirá,2,2010,1995,182,59343,306.7,306.7,27.49 ,33.7 ,37.58,19.9,51,2,27,31,2,27.7,35.98133417,625.8269125,0.511498158,0.225379437
BA-2010,29,BA,NE,291410,2914109,Ipupiara,2,2010,1996,81,9285,872.4,872.4,15.88 ,15.4 ,38.64,2.2,36,4,3,5,1,30,30.29499928,682.4725921,0.569261301,0.29492186
BA-2010,29,BA,NE,291420,2914208,Irajuba,4,2010,1997,0,7002,0.0,0.0,27.82 ,33.7 ,41.44,13.6,53,2,7,3,2,22.8,31.29670084,722.4984501,0.618524376,0.385427395
BA-2010,29,BA,NE,291430,2914307,Iramaia,2,2010,1998,3,11990,25.0,25.0,24.32 ,36.8 ,41.13,13.4,55,3,9,8,0,29.4,32.15396238,680.6793741,0.544324324,0.254430847
BA-2010,29,BA,NE,291440,2914406,Iraquara,2,2010,1999,149,22601,659.3,659.3,17.72 ,19.6 ,52.62,5.2,70,4,10,9,0,27.6,30.28083159,644.1356977,0.616938331,0.34834126
BA-2010,29,BA,NE,291450,2914505,Irará,4,2010,2000,56,27466,203.9,203.9,23.27 ,45.5 ,32.03,18.4,59,1,20,11,0,17.8,32.55518552,918.0533575,0.638825081,0.386737802
BA-2010,29,BA,NE,291460,2914604,Irecê,2,2010,2001,1966,66181,2970.6,2970.6,13.4 ,1.3 ,24.34,0.7,8,13,49,80,3,23,35.60335426,567.1114142,0.41415144,0.104465525
BA-2010,29,BA,NE,291465,2914653,Itabela,4,2010,2002,16,28390,56.4,56.4,25.74 ,9.0 ,32.2,4.5,25,11,17,12,3,27.2,28.95167807,1312.038334,0.711558747,0.525825174
BA-2010,29,BA,NE,291470,2914703,Itaberaba,2,2010,2003,153,61631,248.3,248.3,17.96 ,10.6 ,27.62,5.5,21,4,43,38,3,24.1,33.14323875,594.4393426,0.598954957,0.353087792
BA-2010,29,BA,NE,291480,2914802,Itabuna,4,2010,2004,602,204667,294.1,294.1,10.38 ,2.6 ,17.52,1.5,3,6,73,307,13,18.1,27.64077241,1297.125545,0.784496422,0.637203113
BA-2010,29,BA,NE,291490,2914901,Itacaré,4,2010,2005,102,24318,419.4,419.4,23,36.1 ,34.11,21.0,44,6,16,9,1,18.1,25.48008939,1353.440566,0.817582642,0.701083533
BA-2010,29,BA,NE,291500,2915007,Itaeté,2,2010,2006,14,14924,93.8,93.8,26.32 ,18.7 ,48.8,8.4,58,3,9,5,0,33.4,31.1984306,685.8876883,0.605955161,0.331596867
BA-2010,29,BA,NE,291510,2915106,Itagi,4,2010,2007,9,13051,69.0,69.0,30.77 ,18.0 ,40.66,12.7,22,2,10,9,1,38.9,26.69370354,759.0663356,0.79427607,0.630522223
BA-2010,29,BA,NE,291520,2915205,Itagibá,4,2010,2008,137,15193,901.7,901.7,26.51 ,22.5 ,36.37,8.9,37,3,2,2,0,23.9,29.73768958,849.8722531,0.744722353,0.560437318
BA-2010,29,BA,NE,291530,2915304,Itagimirim,4,2010,2009,4,7110,56.3,56.3,27.88 ,12.3 ,29.79,5.7,21,12,6,1,0,16.2,30.72705062,992.7595273,0.652880678,0.474386534
BA-2010,29,BA,NE,291535,2915353,Itaguaçu da Bahia,2,2010,2010,27,13209,204.4,204.4,28.72 ,17.8 ,40.77,8.2,80,8,9,3,0,29.2,35.29003297,584.4784205,0.449090103,0.150397338
BA-2010,29,BA,NE,291540,2915403,Itaju do Colônia,4,2010,2011,0,7309,0.0,0.0,25.65 ,18.4 ,33.62,9.2,20,4,4,2,,32.4,31.95887472,842.3860558,0.659416354,0.431689057
BA-2010,29,BA,NE,291550,2915502,Itajuípe,4,2010,2012,29,21081,137.6,137.6,21.81 ,10.3 ,26.27,5.5,20,3,10,10,1,25.8,26.26771925,1229.806667,0.839072265,0.701590601
BA-2010,29,BA,NE,291560,2915601,Itamaraju,4,2010,2013,57,63069,90.4,90.4,22.11 ,11.5 ,23.76,5.1,21,11,50,34,9,24.3,30.09190515,1157.485782,0.682671008,0.491670868
BA-2010,29,BA,NE,291570,2915700,Itamari,4,2010,2014,0,7903,0.0,0.0,28.21 ,20.0 ,32.05,7.6,26,2,7,2,1,34.7,28.36354387,1093.181596,0.781149229,0.601614373
BA-2010,29,BA,NE,291580,2915809,Itambé,4,2010,2015,0,23089,0.0,0.0,24.76 ,12.3 ,21.49,4.8,15,3,7,9,,27.4,31.65664168,745.1639433,0.665860773,0.418074621
BA-2010,29,BA,NE,291590,2915908,Itanagra,4,2010,2016,0,7598,0.0,0.0,24.6 ,28.9 ,45.44,19.6,69,4,2,2,1,19.8,30.40762459,1560.928678,0.743539923,0.579016042
BA-2010,29,BA,NE,291600,2916005,Itanhém,4,2010,2017,241,20216,1192.1,1192.1,24.82 ,23.1 ,25.42,7.7,30,18,22,13,,20.6,31.23470956,1045.792219,0.633759622,0.421415103
BA-2010,29,BA,NE,291610,2916104,Itaparica,4,2010,2018,4,20725,19.3,19.3,7.58 ,5.5 ,28.65,0.8,,4,14,13,0,15.4,28.46255598,1889.828668,0.466195553,0.271103422
BA-2010,29,BA,NE,291620,2916203,Itapé,4,2010,2019,7,10995,63.7,63.7,23.21 ,16.1 ,32.17,8.3,35,3,8,4,1,25.4,30.77745679,1107.105834,0.723175574,0.530004077
BA-2010,29,BA,NE,291630,2916302,Itapebi,4,2010,2020,11,10495,104.8,104.8,29.64 ,16.6 ,33.47,8.8,21,7,9,2,0,33.6,29.89383511,1072.827895,0.668231753,0.49998645
BA-2010,29,BA,NE,291640,2916401,Itapetinga,4,2010,2021,17,68273,24.9,24.9,14.91 ,1.5 ,12.87,0.5,3,6,67,56,1,20.7,32.97507853,758.5444631,0.624677535,0.379611424
BA-2010,29,BA,NE,291650,2916500,Itapicuru,2,2010,2022,2,32261,6.2,6.2,38.54 ,26.9 ,54.22,20.1,79,15,12,14,1,35.2,34.5076678,832.5957828,0.606732725,0.336097897
BA-2010,29,BA,NE,291660,2916609,Itapitanga,4,2010,2023,162,10207,1587.1,1587.1,25.68 ,16.6 ,35.03,6.4,26,1,4,3,1,25,30.92376328,944.5521444,0.70958727,0.505805253
BA-2010,29,BA,NE,291670,2916708,Itaquara,4,2010,2024,10,7678,130.2,130.2,33.75 ,20.4 ,50.5,12.2,40,2,11,6,0,25.2,30.64709085,795.4868434,0.627475345,0.396713798
BA-2010,29,BA,NE,291680,2916807,Itarantim,4,2010,2025,0,18539,0.0,0.0,23.03 ,13.0 ,24.82,3.9,18,7,22,4,0,24.6,32.21375283,780.8674295,0.622962012,0.397646574
BA-2010,29,BA,NE,291685,2916856,Itatim,2,2010,2026,28,14522,192.8,192.8,23.32 ,13.6 ,38.38,6.8,30,3,11,3,2,21.8,35.3305513,716.1668763,0.508040521,0.243645037
BA-2010,29,BA,NE,291690,2916906,Itiruçu,4,2010,2027,1,12693,7.9,7.9,24.52 ,8.3 ,31.25,2.6,25,2,10,6,3,25.3,29.54835754,698.4560045,0.655111152,0.44409854
BA-2010,29,BA,NE,291700,2917003,Itiúba,2,2010,2028,6,36113,16.6,16.6,26.55 ,47.0 ,52.1,24.2,73,3,14,6,0,23.1,34.89965688,588.1497567,0.571693302,0.304870507
BA-2010,29,BA,NE,291710,2917102,Itororó,4,2010,2029,3,19914,15.1,15.1,24.37 ,9.5 ,23.23,4.9,9,5,13,6,0,29.5,29.65469216,803.6134366,0.736544454,0.535425132
BA-2010,29,BA,NE,291720,2917201,Ituaçu,2,2010,2030,1,18127,5.5,5.5,25.8 ,45.2 ,39.5,19.4,64,3,13,9,1,23.8,31.46957123,588.3390358,0.529639048,0.23925938
BA-2010,29,BA,NE,291730,2917300,Ituberá,4,2010,2031,0,26591,0.0,0.0,20.38 ,19.9 ,28.82,13.8,28,1,19,7,3,24.1,26.62594842,1662.548406,0.76438184,0.654228231
BA-2010,29,BA,NE,291733,2917334,Iuiú,3,2010,2032,96,10900,880.7,880.7,25.99 ,33.9 ,34.96,13.1,52,5,4,,,29.4,34.37875987,737.3751555,0.485134011,0.215058253
BA-2010,29,BA,NE,291735,2917359,Jaborandi,3,2010,2033,83,8973,925.0,925.0,25.55 ,23.7 ,47.43,5.9,66,7,7,5,2,20.5,32.26430451,1078.333089,0.518227682,0.245390199
BA-2010,29,BA,NE,291740,2917409,Jacaraci,2,2010,2034,0,13651,0.0,0.0,25.82 ,14.5 ,34.05,5.0,64,6,9,5,0,29,30.19731926,747.6390127,0.579432232,0.31590878
BA-2010,29,BA,NE,291750,2917508,Jacobina,2,2010,2035,140,79247,176.7,176.7,17.56 ,9.1 ,27.63,4.5,30,6,68,55,3,23.6,33.41995316,673.103664,0.548255628,0.269799951
BA-2010,29,BA,NE,291760,2917607,Jaguaquara,4,2010,2036,65,51011,127.4,127.4,26.78 ,18.1 ,30.68,10.0,24,3,24,21,6,28,29.94926204,811.2525617,0.673396198,0.46086336
BA-2010,29,BA,NE,291770,2917706,Jaguarari,2,2010,2037,277,30343,912.9,912.9,18.2 ,14.5 ,37.07,4.1,45,7,18,11,1,18.3,34.35942657,515.8783155,0.472633341,0.157688155
BA-2010,29,BA,NE,291780,2917805,Jaguaripe,4,2010,2038,0,16467,0.0,0.0,28.35 ,46.3 ,44.52,25.8,68,1,9,5,2,25,28.22778674,1728.163925,0.710931831,0.582912335
BA-2010,29,BA,NE,291790,2917904,Jandaíra,4,2010,2039,0,10331,0.0,0.0,27.29 ,25.0 ,53.29,18.1,41,8,5,2,,27.6,28.483806,1507.030549,0.703576054,0.551424202
BA-2010,29,BA,NE,291800,2918001,Jequié,2,2010,2040,1456,151895,958.6,958.6,15.9 ,5.6 ,21.81,3.2,8,4,63,148,1,21.76,29.07091956,665.8191367,0.689722901,0.473849609
BA-2010,29,BA,NE,291810,2918100,Jeremoabo,2,2010,2041,10,37680,26.5,26.5,32,31.9 ,40.79,19.3,54,9,14,28,5,39.9,32.84850785,669.6379795,0.613417925,0.332209243
BA-2010,29,BA,NE,291820,2918209,Jiquiriçá,4,2010,2042,1,14118,7.1,7.1,22.6 ,51.8 ,39.12,19.5,61,1,9,7,1,25.2,28.1217923,962.477585,0.754109479,0.574070725
BA-2010,29,BA,NE,291830,2918308,Jitaúna,4,2010,2043,18,14115,127.5,127.5,29.72 ,24.1 ,37.92,12.1,34,3,13,1,0,36.6,27.46259866,891.820993,0.787285241,0.615978155
BA-2010,29,BA,NE,291835,2918357,João Dourado,2,2010,2044,160,22549,709.6,709.6,20.67 ,9.4 ,37.7,4.0,40,11,12,5,3,35.6,36.35859961,475.0273445,0.371091231,0.052354074
BA-2010,29,BA,NE,291840,2918407,Juazeiro,2,2010,2045,152,197965,76.8,76.8,13.36 ,7.2 ,22.24,3.0,19,20,89,297,6,20.11,35.41545559,401.5780751,0.384708415,0.072695829
BA-2010,29,BA,NE,291845,2918456,Jucuruçu,4,2010,2046,9,10290,87.5,87.5,32.04 ,47.5 ,52.26,24.0,78,9,8,9,2,27.2,29.83280936,993.8933952,0.666913119,0.446584424
BA-2010,29,BA,NE,291850,2918506,Jussara,2,2010,2047,213,15052,1415.1,1415.1,25.8 ,8.3 ,42.47,5.3,33,8,10,2,1,33.2,36.71998158,497.4854931,0.400276708,0.121380075
BA-2010,29,BA,NE,291855,2918555,Jussari,4,2010,2048,1,6474,15.4,15.4,29.47 ,13.4 ,35.38,9.5,25,3,6,2,0,37.8,28.79897941,1097.941492,0.760771046,0.571419173
BA-2010,29,BA,NE,291860,2918605,Jussiape,2,2010,2049,1,8031,12.5,12.5,25.25 ,12.1 ,23.97,5.5,62,3,8,7,1,30,31.19558889,703.1581009,0.525158823,0.221716397
BA-2010,29,BA,NE,291870,2918704,Lafaiete Coutinho,4,2010,2050,5,3901,128.2,128.2,26.84 ,19.2 ,35.3,8.5,46,2,4,,,23.7,29.1080516,699.1236352,0.680623839,0.466449713
BA-2010,29,BA,NE,291875,2918753,Lagoa Real,2,2010,2051,2,13934,14.4,14.4,23.83 ,61.6 ,39.18,24.1,80,2,11,3,0,25,31.98022799,673.4230614,0.54924531,0.256741544
BA-2010,29,BA,NE,291880,2918803,Laje,4,2010,2052,1,22201,4.5,4.5,27.44 ,41.4 ,40.92,18.4,73,1,11,15,,24.9,30.0125887,1210.908687,0.691934307,0.50955925
BA-2010,29,BA,NE,291890,2918902,Lajedão,4,2010,2053,58,3733,1553.7,1553.7,24.18 ,10.4 ,22.57,2.3,44,20,8,1,0,22.5,31.97754394,1033.043884,0.60663229,0.405358741
BA-2010,29,BA,NE,291900,2919009,Lajedinho,2,2010,2054,98,3936,2489.8,2489.8,27.58 ,44.7 ,53.63,27.1,68,1,5,1,,26.8,30.9297313,561.1648083,0.606970666,0.359334625
BA-2010,29,BA,NE,291905,2919058,Lajedo do Tabocal,4,2010,2055,0,8305,0.0,0.0,29.29 ,15.9 ,42.74,5.5,38,3,8,2,0,24.9,28.84895677,648.3456047,0.655355704,0.434478838
BA-2010,29,BA,NE,291910,2919108,Lamarão,2,2010,2056,81,9560,847.3,847.3,32.78 ,60.4 ,50.92,36.8,78,1,4,1,,28,33.94683697,724.5601622,0.588907019,0.30310943
BA-2010,29,BA,NE,291915,2919157,Lapão,2,2010,2057,84,25646,327.5,327.5,20.99 ,8.5 ,45.07,3.8,61,9,12,4,1,26.6,35.83182574,535.1950828,0.394097951,0.051195053
BA-2010,29,BA,NE,291920,2919207,Lauro de Freitas,4,2010,2058,100,163449,61.2,61.2,4.93 ,0.1 ,13.51,0.1,,10,113,498,0,15.13,32.00056586,1457.678782,0.563620432,0.40480339
BA-2010,29,BA,NE,291930,2919306,Lençóis,2,2010,2059,0,10368,0.0,0.0,18.68 ,16.9 ,36.74,8.1,23,5,7,5,1,23,28.15513019,809.2261681,0.724417122,0.498450437
BA-2010,29,BA,NE,291940,2919405,Licínio de Almeida,2,2010,2060,5,12311,40.6,40.6,22.93 ,18.8 ,26.11,4.2,49,4,12,6,1,23.1,29.78836493,679.194094,0.594576049,0.338092867
BA-2010,29,BA,NE,291950,2919504,Livramento de Nossa Senhora,2,2010,2061,8,42693,18.7,18.7,21.15 ,29.2 ,34.42,13.5,52,4,26,17,2,20.1,33.98126525,603.4549098,0.486116887,0.177432979
BA-2010,29,BA,NE,291955,2919553,Luís Eduardo Magalhães,3,2010,2062,94,60105,156.4,156.4,7.27 ,2.5 ,12.38,0.7,9,32,43,34,1,15.5,33.81780482,1227.334596,0.502568914,0.239557054
BA-2010,29,BA,NE,291960,2919603,Macajuba,2,2010,2063,30,11229,267.2,267.2,27.76 ,32.7 ,53.71,17.0,39,3,3,3,,22.2,31.41133065,704.8228383,0.689699488,0.457465213
BA-2010,29,BA,NE,291970,2919702,Macarani,4,2010,2064,4,17093,23.4,23.4,27.5 ,11.6 ,21.76,4.3,20,6,14,4,0,21.8,31.06866105,827.7339088,0.646089637,0.427127827
BA-2010,29,BA,NE,291980,2919801,Macaúbas,2,2010,2065,260,47051,552.6,552.6,26.44 ,10.1 ,42.26,6.4,67,3,25,25,3,20.6,32.26678793,722.3744916,0.550196067,0.285638544
BA-2010,29,BA,NE,291990,2919900,Macururé,2,2010,2066,2,8073,24.8,24.8,25.77 ,46.0 ,44.74,23.4,65,4,10,2,0,27.7,35.24052353,474.4689322,0.434912146,0.122610407
BA-2010,29,BA,NE,291992,2919926,Madre de Deus,4,2010,2067,18,17376,103.6,103.6,5.26 ,,25.51,0.0,3,6,10,31,0,20,31.08616026,1774.351521,0.386275965,0.220106804
BA-2010,29,BA,NE,291995,2919959,Maetinga,2,2010,2068,0,7038,0.0,0.0,32.92 ,46.0 ,29.86,27.0,60,5,5,5,1,27.2,31.21668251,645.9432653,0.503627145,0.199351891
BA-2010,29,BA,NE,292000,2920007,Maiquinique,4,2010,2069,0,8782,0.0,0.0,26.79 ,20.4 ,24.71,8.3,21,10,3,,0,39.8,31.23785009,858.268196,0.652092921,0.436243334
BA-2010,29,BA,NE,292010,2920106,Mairi,2,2010,2070,18,19326,93.1,93.1,24.11 ,25.0 ,37.14,13.9,43,2,23,14,,28.6,33.13068978,795.7482472,0.631563311,0.375549683
BA-2010,29,BA,NE,292020,2920205,Malhada,3,2010,2071,17,16014,106.2,106.2,24.32 ,26.7 ,41.87,9.5,59,5,9,4,0,30.5,32.76276237,727.9734837,0.537938235,0.298854755
BA-2010,29,BA,NE,292030,2920304,Malhada de Pedras,2,2010,2072,3,8468,35.4,35.4,26.13 ,53.8 ,37.37,18.0,62,3,4,2,0,27.9,33.99614498,639.2555758,0.464557537,0.146465349
BA-2010,29,BA,NE,292040,2920403,Manoel Vitorino,2,2010,2073,19,14387,132.1,132.1,27.81 ,41.0 ,45.36,19.0,49,3,7,4,3,29,32.92967993,517.6461009,0.496091238,0.211649415
BA-2010,29,BA,NE,292045,2920452,Mansidão,3,2010,2074,158,12592,1254.8,1254.8,17.55 ,27.9 ,54.22,8.3,62,6,3,1,0,27,34.65584626,744.8069732,0.579685613,0.304385324
BA-2010,29,BA,NE,292050,2920502,Maracás,2,2010,2075,11,24613,44.7,44.7,24.61 ,22.2 ,36.04,7.3,28,4,18,2,2,28,31.57854404,607.2093207,0.549023064,0.27816097
BA-2010,29,BA,NE,292060,2920601,Maragogipe,4,2010,2076,28,42815,65.4,65.4,22.75 ,33.4 ,40.98,16.5,41,1,17,20,3,20.2,30.32238176,1389.926506,0.673275097,0.538962575
BA-2010,29,BA,NE,292070,2920700,Maraú,4,2010,2077,0,19101,0.0,0.0,25.44 ,42.1 ,40.81,24.6,81,4,16,7,2,18.9,25.87255205,1544.222649,0.768279597,0.650646256
BA-2010,29,BA,NE,292080,2920809,Marcionílio Souza,2,2010,2078,40,10500,381.0,381.0,30.64 ,22.2 ,48.16,14.7,49,2,9,4,2,29.8,33.7521222,608.2570008,0.49899638,0.21223787
BA-2010,29,BA,NE,292090,2920908,Mascote,4,2010,2079,0,14640,0.0,0.0,30.6 ,17.7 ,46.92,10.8,20,5,6,2,0,28.5,28.74368978,1345.795136,0.758215533,0.587707748
BA-2010,29,BA,NE,292100,2921005,Mata de São João,4,2010,2080,71,40183,176.7,176.7,11.56 ,8.2 ,26.3,2.6,26,4,21,43,5,16.5,30.09359652,1752.971831,0.725703809,0.571304856
BA-2010,29,BA,NE,292105,2921054,Matina,2,2010,2081,208,11145,1866.3,1866.3,31.91 ,37.0 ,37.39,19.6,69,1,6,4,,29.4,34.33445677,665.035096,0.511535285,0.259137504
BA-2010,29,BA,NE,292110,2921104,Medeiros Neto,4,2010,2082,290,21560,1345.1,1345.1,24.07 ,12.8 ,27.09,3.2,21,20,24,25,1,22.7,32.09331685,1031.738937,0.600494634,0.384800301
BA-2010,29,BA,NE,292120,2921203,Miguel Calmon,2,2010,2083,91,26475,343.7,343.7,20.42 ,14.1 ,40.36,5.4,39,4,13,16,1,28.4,31.72064914,734.8443916,0.627277445,0.376900579
BA-2010,29,BA,NE,292130,2921302,Milagres,4,2010,2084,0,10306,0.0,0.0,22.25 ,11.1 ,32.02,6.4,24,3,7,2,,20.8,32.60091279,733.8432626,0.574193662,0.319471557
BA-2010,29,BA,NE,292140,2921401,Mirangaba,2,2010,2085,0,16279,0.0,0.0,25.32 ,26.6 ,49.53,12.6,52,3,7,3,1,40.8,33.49649482,582.4336781,0.511420495,0.203863992
BA-2010,29,BA,NE,292145,2921450,Mirante,2,2010,2086,0,10507,0.0,0.0,30.18 ,73.2 ,46.04,34.5,83,2,5,1,0,32.8,33.55674974,558.8401418,0.454647989,0.158588651
BA-2010,29,BA,NE,292150,2921500,Monte Santo,2,2010,2087,300,52338,573.2,573.2,35.57 ,62.9 ,52.81,37.4,83,3,18,12,6,37.6,34.21080722,567.2999223,0.573746564,0.284707708
BA-2010,29,BA,NE,292160,2921609,Morpará,2,2010,2088,1,8280,12.1,12.1,27.62 ,31.6 ,51.17,10.3,33,4,2,1,0,30.9,33.48678532,742.3848294,0.574295494,0.301799411
BA-2010,29,BA,NE,292170,2921708,Morro do Chapéu,2,2010,2089,183,35164,520.4,520.4,22.01 ,24.9 ,39.46,13.3,42,4,30,13,2,24.5,30.50334117,662.9537525,0.5913602,0.32926419
BA-2010,29,BA,NE,292180,2921807,Mortugaba,2,2010,2090,0,12477,0.0,0.0,26.48 ,34.8 ,24.83,11.8,53,13,15,8,0,23.6,30.26602071,757.6388234,0.60955834,0.350005175
BA-2010,29,BA,NE,292190,2921906,Mucugê,2,2010,2091,2,10545,19.0,19.0,19.85 ,14.0 ,31.78,8.2,60,5,12,7,4,21.2,29.17085057,772.3551484,0.554639967,0.265144245
BA-2010,29,BA,NE,292200,2922003,Mucuri,4,2010,2092,260,36026,721.7,721.7,18.26 ,13.1 ,23.12,5.5,24,32,34,49,3,19,29.23729445,1049.763093,0.701157617,0.527381671
BA-2010,29,BA,NE,292205,2922052,Mulungu do Morro,2,2010,2093,601,12249,4906.5,4906.5,20.41 ,42.3 ,46.78,13.8,52,4,7,3,,26.8,31.34393287,601.3055904,0.561819048,0.26204811
BA-2010,29,BA,NE,292210,2922102,Mundo Novo,2,2010,2094,13,24395,53.3,53.3,22.88 ,21.0 ,40.62,9.9,44,1,12,6,0,20.6,30.69390061,807.5003978,0.701194449,0.484359244
BA-2010,29,BA,NE,292220,2922201,Muniz Ferreira,4,2010,2095,2,7317,27.3,27.3,22.54 ,26.5 ,32.75,11.8,54,1,3,2,1,25.5,30.73362754,1469.007203,0.706148348,0.541254437
BA-2010,29,BA,NE,292225,2922250,Muquém de São Francisco,3,2010,2096,1,10272,9.7,9.7,25.24 ,27.7 ,57.01,11.4,88,5,4,,0,25.5,33.8339572,807.932469,0.545505487,0.295987973
BA-2010,29,BA,NE,292230,2922300,Muritiba,4,2010,2097,59,28899,204.2,204.2,16.84 ,22.0 ,26.23,13.2,38,2,19,20,2,19.8,31.22385969,982.6658283,0.64133362,0.42107671
BA-2010,29,BA,NE,292240,2922409,Mutuípe,4,2010,2098,1,21449,4.7,4.7,23.47 ,40.6 ,39,17.9,55,1,23,12,0,27.2,28.78611083,1043.56928,0.746312058,0.575669115
BA-2010,29,BA,NE,292250,2922508,Nazaré,4,2010,2099,0,27274,0.0,0.0,18.43 ,14.2 ,31.96,9.9,16,2,16,18,,22.6,30.10075831,1547.778696,0.711250908,0.54477421
BA-2010,29,BA,NE,292260,2922607,Nilo Peçanha,4,2010,2100,0,12530,0.0,0.0,26.29 ,38.1 ,49.78,21.9,75,1,7,4,2,25.3,26.92760964,1616.540645,0.79337296,0.676760135
BA-2010,29,BA,NE,292265,2922656,Nordestina,2,2010,2101,66,12371,533.5,533.5,29.46 ,49.9 ,52.88,32.2,68,3,11,2,,28.7,34.93451312,559.5565435,0.580133037,0.307034302
BA-2010,29,BA,NE,292270,2922706,Nova Canaã,4,2010,2102,2,16713,12.0,12.0,31.43 ,42.2 ,34.77,22.3,59,3,7,8,0,20.8,30.34611424,694.7825343,0.677911248,0.454751471
BA-2010,29,BA,NE,292273,2922730,Nova Fátima,2,2010,2103,84,7602,1105.0,1105.0,23.62 ,11.6 ,26.79,3.5,33,3,8,1,1,29.7,35.72407952,572.92558,0.541549002,0.272867497
BA-2010,29,BA,NE,292275,2922755,Nova Ibiá,4,2010,2104,42,6648,631.8,631.8,29.01 ,55.4 ,27.78,25.0,58,1,4,2,0,34.4,26.84179861,1162.889908,0.804794237,0.636806203
BA-2010,29,BA,NE,292280,2922805,Nova Itarana,2,2010,2105,0,7435,0.0,0.0,30.56 ,15.2 ,51.77,7.1,64,2,5,1,3,31.4,32.69621632,658.8689891,0.549786351,0.287962898
BA-2010,29,BA,NE,292285,2922854,Nova Redenção,2,2010,2106,110,8034,1369.2,1369.2,27.15 ,19.2 ,42.16,8.9,35,1,3,1,0,32.7,32.17234691,727.6284241,0.571291768,0.290060369
BA-2010,29,BA,NE,292290,2922904,Nova Soure,2,2010,2107,3,24136,12.4,12.4,31.39 ,20.9 ,46.87,16.4,51,3,17,8,3,34.9,33.53236042,748.2778777,0.589162946,0.301684549
BA-2010,29,BA,NE,292300,2923001,Nova Viçosa,4,2010,2108,54,38556,140.1,140.1,19.04 ,12.7 ,25.67,5.5,13,24,27,36,1,22.3,28.76351861,1135.51191,0.718903761,0.554804724
BA-2010,29,BA,NE,292303,2923035,Novo Horizonte,2,2010,2109,4,10673,37.5,37.5,21.94 ,12.1 ,46.05,3.9,67,6,10,2,2,26.1,29.59632366,746.9138803,0.589415218,0.338306324
BA-2010,29,BA,NE,292305,2923050,Novo Triunfo,2,2010,2110,5,15051,33.2,33.2,23.29 ,25.9 ,49.35,7.4,50,1,4,,3,24,31.41645246,741.9332654,0.62097645,0.357677308
BA-2010,29,BA,NE,292310,2923100,Olindina,2,2010,2111,6,24943,24.1,24.1,29.1 ,15.1 ,53.38,10.2,49,5,11,2,1,17.6,33.87352204,807.1215093,0.567510436,0.282451119
BA-2010,29,BA,NE,292320,2923209,Oliveira dos Brejinhos,2,2010,2112,0,21831,0.0,0.0,22.04 ,15.4 ,46.79,3.7,70,4,12,1,0,28,33.63875325,717.3297685,0.529259763,0.24350572
BA-2010,29,BA,NE,292330,2923308,Ouriçangas,4,2010,2113,2,8298,24.1,24.1,26.9 ,7.2 ,30.75,3.0,67,1,6,5,,22.4,31.41852159,968.6982567,0.648146582,0.417571478
BA-2010,29,BA,NE,292335,2923357,Ourolândia,2,2010,2114,141,16425,858.4,858.4,27.85 ,14.0 ,41.79,5.3,61,9,10,3,2,37.4,34.5350896,482.1854855,0.448197548,0.122881315
BA-2010,29,BA,NE,292340,2923407,Palmas de Monte Alto,3,2010,2115,110,20775,529.5,529.5,28.42 ,35.3 ,38.21,15.5,53,3,7,4,,22.7,35.05469461,696.6322148,0.472287202,0.200067225
BA-2010,29,BA,NE,292350,2923506,Palmeiras,2,2010,2116,9,8410,107.0,107.0,17.81 ,9.1 ,35.73,4.8,38,6,6,3,1,21.9,28.70538911,707.1756889,0.622320098,0.351257126
BA-2010,29,BA,NE,292360,2923605,Paramirim,2,2010,2117,40,21001,190.5,190.5,20.01 ,13.9 ,28.38,4.8,52,4,24,17,2,22.9,32.34113526,678.551246,0.519088536,0.237664398
BA-2010,29,BA,NE,292370,2923704,Paratinga,3,2010,2118,38,29504,128.8,128.8,24.28 ,34.1 ,49,17.3,63,4,10,6,0,23.1,33.45313319,746.6752557,0.556688111,0.302509341
BA-2010,29,BA,NE,292380,2923803,Paripiranga,2,2010,2119,5,27778,18.0,18.0,28.09 ,50.0 ,44.42,31.2,66,7,12,13,0,33.8,33.28515146,795.797803,0.558915361,0.302700508
BA-2010,29,BA,NE,292390,2923902,Pau Brasil,4,2010,2120,1,10852,9.2,9.2,28.19 ,24.5 ,40.48,18.7,32,3,8,2,1,31.9,29.16853372,1067.444079,0.748340292,0.561931077
BA-2010,29,BA,NE,292400,2924009,Paulo Afonso,2,2010,2121,184,108396,169.7,169.7,16.7 ,8.5 ,22.34,4.5,14,33,57,103,0,20.8,36.28901049,646.9318619,0.536846825,0.231526507
BA-2010,29,BA,NE,292405,2924058,Pé de Serra,2,2010,2122,4,13752,29.1,29.1,24.37 ,35.1 ,33.79,14.4,62,1,8,6,0,22.4,35.84975192,592.6309786,0.521086397,0.250696
BA-2010,29,BA,NE,292410,2924108,Pedrão,4,2010,2123,0,6876,0.0,0.0,21.88 ,62.2 ,40.38,21.6,75,1,4,2,1,23,32.4468995,1093.424849,0.671227917,0.44957353
BA-2010,29,BA,NE,292420,2924207,Pedro Alexandre,2,2010,2124,15,16995,88.3,88.3,40.96 ,65.1 ,52.91,48.3,84,8,6,6,0,22.6,35.39887936,592.2315163,0.581057763,0.296364992
BA-2010,29,BA,NE,292430,2924306,Piatã,2,2010,2125,68,17982,378.2,378.2,23.74 ,32.2 ,46.53,13.1,58,6,13,8,5,24,28.42775612,913.3586039,0.597697619,0.316991493
BA-2010,29,BA,NE,292440,2924405,Pilão Arcado,2,2010,2126,12,32860,36.5,36.5,30.07 ,59.9 ,55.16,30.2,66,5,4,3,0,29.9,33.56331796,643.8366713,0.543560522,0.278312005
BA-2010,29,BA,NE,292450,2924504,Pindaí,2,2010,2127,17,15628,108.8,108.8,23.8 ,43.1 ,29.31,17.3,72,3,10,4,0,22.7,33.34195734,604.1011532,0.49215705,0.231436988
BA-2010,29,BA,NE,292460,2924603,Pindobaçu,2,2010,2128,39,20121,193.8,193.8,24.7 ,11.5 ,45.08,5.0,44,7,9,7,2,26.2,32.0408274,850.419049,0.675280451,0.438816588
BA-2010,29,BA,NE,292465,2924652,Pintadas,2,2010,2129,6,10342,58.0,58.0,24.1 ,27.9 ,32.5,13.3,44,4,5,5,,24.7,35.91206261,616.1568366,0.539982148,0.252850708
BA-2010,29,BA,NE,292467,2924678,Piraí do Norte,4,2010,2130,0,9799,0.0,0.0,26.18 ,45.1 ,39.32,19.9,62,1,4,1,1,25.3,26.89481506,1323.907012,0.802927911,0.653182456
BA-2010,29,BA,NE,292470,2924702,Piripá,4,2010,2131,0,12783,0.0,0.0,25.41 ,35.4 ,39.43,18.6,52,5,10,4,4,24.2,29.81399169,733.8694923,0.596998727,0.341597087
BA-2010,29,BA,NE,292480,2924801,Piritiba,2,2010,2132,16,22399,71.4,71.4,21.63 ,13.3 ,40.73,6.0,32,3,11,3,2,25.6,32.37398934,744.773473,0.613514398,0.360844221
BA-2010,29,BA,NE,292490,2924900,Planaltino,4,2010,2133,7,8822,79.3,79.3,32.31 ,49.2 ,39.06,24.9,59,2,10,3,0,35.9,30.84099835,630.5210294,0.577105187,0.321151194
BA-2010,29,BA,NE,292500,2925006,Planalto,4,2010,2134,1,24481,4.1,4.1,29.46 ,30.5 ,35.96,13.1,39,6,15,11,3,29.8,30.57483428,633.7689773,0.619154244,0.365281716
BA-2010,29,BA,NE,292510,2925105,Poções,4,2010,2135,4,44701,8.9,8.9,26.93 ,15.2 ,37.31,9.5,23,6,17,16,1,19.5,31.32309281,525.9168947,0.566170706,0.284459459
BA-2010,29,BA,NE,292520,2925204,Pojuca,4,2010,2136,30,33066,90.7,90.7,9.32 ,5.5 ,23.65,1.8,14,3,24,34,5,16.4,31.38628324,1582.047014,0.698215402,0.509024083
BA-2010,29,BA,NE,292525,2925253,Ponto Novo,2,2010,2137,15,15742,95.3,95.3,25.44 ,16.3 ,41.03,10.5,47,5,10,4,3,25.3,36.29003457,680.0980805,0.537941589,0.276255942
BA-2010,29,BA,NE,292530,2925303,Porto Seguro,4,2010,2138,514,126929,405.0,405.0,11.98 ,6.9 ,18.84,4.1,18,14,95,83,10,19,28.32696742,1402.44,0.734748051,0.575708598
BA-2010,29,BA,NE,292540,2925402,Potiraguá,4,2010,2139,3,9810,30.6,30.6,22.35 ,8.6 ,25.31,2.4,33,4,7,6,3,26.7,31.56943711,952.3449744,0.656762002,0.430414068
BA-2010,29,BA,NE,292550,2925501,Prado,4,2010,2140,5,27627,18.1,18.1,19.9 ,27.2 ,28.86,10.0,44,9,23,12,1,21.6,29.39027415,1348.00706,0.708624717,0.541712088
BA-2010,29,BA,NE,292560,2925600,Presidente Dutra,2,2010,2141,0,13750,0.0,0.0,15.41 ,2.2 ,41.17,0.5,34,7,15,4,,31.3,35.93231485,577.2275882,0.426693107,0.112535378
BA-2010,29,BA,NE,292570,2925709,Presidente Jânio Quadros,2,2010,2142,2,13652,14.6,14.6,34.04 ,53.4 ,50.94,29.3,69,4,7,5,0,23.6,31.45868756,668.2479378,0.52687392,0.227568527
BA-2010,29,BA,NE,292575,2925758,Presidente Tancredo Neves,4,2010,2143,3,23846,12.6,12.6,29.15 ,45.0 ,40.1,22.1,60,1,11,6,0,31.8,27.90373157,1200.47556,0.756881317,0.593026112
BA-2010,29,BA,NE,292580,2925808,Queimadas,2,2010,2144,0,24602,0.0,0.0,23.61 ,31.7 ,40.15,16.6,49,3,15,8,,24.9,37.3476334,552.6808182,0.488209448,0.208046618
BA-2010,29,BA,NE,292590,2925907,Quijingue,2,2010,2145,61,27228,224.0,224.0,34.47 ,39.1 ,49.16,26.5,77,3,10,6,0,39.9,34.86120999,526.7895058,0.594583747,0.318875927
BA-2010,29,BA,NE,292593,2925931,Quixabeira,2,2010,2146,81,9554,847.8,847.8,30.78 ,20.6 ,41.65,10.3,62,3,14,3,1,26.8,35.75337452,612.4068743,0.511653004,0.234697512
BA-2010,29,BA,NE,292595,2925956,Rafael Jambeiro,2,2010,2147,82,22874,358.5,358.5,29.78 ,44.5 ,43.89,25.1,70,1,14,8,1,24.3,37.37622149,710.9944161,0.495677686,0.185902501
BA-2010,29,BA,NE,292600,2926004,Remanso,2,2010,2148,67,38957,172.0,172.0,27.45 ,33.1 ,40.73,19.8,40,10,21,22,0,26.2,33.60912598,528.9747146,0.419383358,0.185133143
BA-2010,29,BA,NE,292610,2926103,Retirolândia,2,2010,2149,333,12055,2762.3,2762.3,19.21 ,19.2 ,29.6,5.4,44,1,16,8,0,23.4,35.48021165,511.8475933,0.556777673,0.277684311
BA-2010,29,BA,NE,292620,2926202,Riachão das Neves,3,2010,2150,15,21937,68.4,68.4,30.15 ,33.9 ,45.08,19.8,51,7,11,2,0,22.4,33.39582978,913.5543249,0.551366009,0.296029802
BA-2010,29,BA,NE,292630,2926301,Riachão do Jacuípe,2,2010,2151,274,33172,826.0,826.0,18.01 ,14.5 ,26.69,5.7,40,2,22,20,2,26.5,35.99637651,556.586314,0.534031728,0.262030462
BA-2010,29,BA,NE,292640,2926400,Riacho de Santana,3,2010,2152,0,30646,0.0,0.0,27.59 ,31.8 ,40.24,17.1,57,2,13,6,,25,32.74417359,727.2496714,0.560157495,0.305798108
BA-2010,29,BA,NE,292650,2926509,Ribeira do Amparo,2,2010,2153,2,14276,14.0,14.0,35.59 ,23.7 ,52.54,15.4,87,5,9,4,2,38.8,35.1740148,780.3508584,0.59409655,0.31206198
BA-2010,29,BA,NE,292660,2926608,Ribeira do Pombal,2,2010,2154,107,47518,225.2,225.2,26.38 ,9.1 ,34.6,6.0,37,6,29,17,4,36.6,34.39880514,663.1192125,0.595324621,0.32002222
BA-2010,29,BA,NE,292665,2926657,Ribeirão do Largo,4,2010,2155,1,8602,11.6,11.6,30.95 ,39.2 ,32.34,19.0,46,4,6,3,0,25.8,29.56879244,853.9581853,0.679632007,0.450390801
BA-2010,29,BA,NE,292670,2926707,Rio de Contas,2,2010,2156,0,13007,0.0,0.0,20.07 ,22.4 ,32.55,8.2,52,4,19,2,1,24.4,30.30790588,688.2369271,0.540775631,0.219848605
BA-2010,29,BA,NE,292680,2926806,Rio do Antônio,2,2010,2157,68,14815,459.0,459.0,28.44 ,32.9 ,37.43,17.2,60,3,10,3,0,29.3,32.95286335,609.0936951,0.489718939,0.175225702
BA-2010,29,BA,NE,292690,2926905,Rio do Pires,2,2010,2158,225,11918,1887.9,1887.9,27.34 ,28.2 ,35.26,19.4,56,4,13,4,1,24.4,31.34099837,739.3828384,0.579687163,0.310050464
BA-2010,29,BA,NE,292700,2927002,Rio Real,2,2010,2159,5,37164,13.5,13.5,24.43 ,25.1 ,40.24,14.6,37,18,14,12,1,31.4,31.79341206,1110.233444,0.668789196,0.450422714
BA-2010,29,BA,NE,292710,2927101,Rodelas,2,2010,2160,2,7775,25.7,25.7,22.2 ,2.4 ,43.7,2.3,16,23,10,2,2,20.6,34.67828282,510.2042715,0.449418642,0.13114732
BA-2010,29,BA,NE,292720,2927200,Ruy Barbosa,2,2010,2161,0,29887,0.0,0.0,22.8 ,18.1 ,39.1,9.2,26,2,16,9,,23.9,31.58242329,596.3542813,0.648425487,0.408159681
BA-2010,29,BA,NE,292730,2927309,Salinas da Margarida,4,2010,2162,0,13456,0.0,0.0,12.04 ,1.7 ,39.57,0.6,56,1,6,5,3,31.4,29.338073,1688.608685,0.547266832,0.485346569
BA-2010,29,BA,NE,292740,2927408,Salvador,4,2010,2163,6161,2675656,230.3,230.3,3.97 ,0.1 ,14.18,0.1,,6,755,6181,2,14.92,30.22499729,1772.043094,0.488386149,0.293411064
BA-2010,29,BA,NE,292750,2927507,Santa Bárbara,2,2010,2164,6,19064,31.5,31.5,22.23 ,29.4 ,40.43,13.2,55,1,15,9,6,23,34.27612247,716.4868521,0.588976038,0.320460652
BA-2010,29,BA,NE,292760,2927606,Santa Brígida,2,2010,2165,5,15060,33.2,33.2,34.08 ,36.2 ,49.57,23.5,63,28,8,4,1,35.4,36.7902124,680.8341672,0.568917743,0.262119519
BA-2010,29,BA,NE,292770,2927705,Santa Cruz Cabrália,4,2010,2166,34,26264,129.5,129.5,15.81 ,11.3 ,34.49,5.1,28,11,18,10,1,21.6,27.51657978,1464.241391,0.762577235,0.616069111
BA-2010,29,BA,NE,292780,2927804,Santa Cruz da Vitória,4,2010,2167,1,6673,15.0,15.0,24.61 ,15.2 ,41.98,5.4,24,3,3,4,,21.2,30.17001184,833.8473657,0.702989753,0.488948905
BA-2010,29,BA,NE,292790,2927903,Santa Inês,4,2010,2168,0,10363,0.0,0.0,28.26 ,5.0 ,34.51,2.1,8,1,8,3,,36.6,31.0881416,804.7969737,0.632188245,0.397911713
BA-2010,29,BA,NE,292800,2928000,Santaluz,2,2010,2169,60,33838,177.3,177.3,23.37 ,24.1 ,32.54,11.4,39,2,25,15,3,25,36.05037918,522.0119524,0.550422086,0.277612523
BA-2010,29,BA,NE,292805,2928059,Santa Luzia,4,2010,2170,0,13344,0.0,0.0,29.89 ,34.9 ,33.69,12.6,40,2,9,1,,24.2,26.92976967,1573.777062,0.789582019,0.640861456
BA-2010,29,BA,NE,292810,2928109,Santa Maria da Vitória,3,2010,2171,87,40309,215.8,215.8,24.05 ,18.1 ,45.81,11.0,41,7,15,13,4,25.9,31.4116011,894.0772504,0.636254569,0.407024084
BA-2010,29,BA,NE,292820,2928208,Santana,3,2010,2172,0,24750,0.0,0.0,25.72 ,6.6 ,42.91,4.8,46,5,8,8,,22.8,31.93553141,745.0690642,0.612856105,0.376327458
BA-2010,29,BA,NE,292830,2928307,Santanópolis,2,2010,2173,15,8776,170.9,170.9,24.27 ,46.3 ,36.83,20.4,81,0,5,2,0,28.1,33.42454108,780.7548448,0.591390294,0.309222168
BA-2010,29,BA,NE,292840,2928406,Santa Rita de Cássia,3,2010,2174,36,26250,137.1,137.1,21.07 ,30.7 ,37.62,11.4,43,7,14,8,0,24.6,32.77110619,802.3352043,0.618886214,0.373688677
BA-2010,29,BA,NE,292850,2928505,Santa Teresinha,2,2010,2175,0,9648,0.0,0.0,25.36 ,29.2 ,37.7,9.5,76,2,8,4,,18.5,35.57946944,699.9743047,0.539648852,0.267239609
BA-2010,29,BA,NE,292860,2928604,Santo Amaro,4,2010,2176,15,57800,26.0,26.0,12.69 ,11.8 ,28.02,5.4,23,2,36,30,0,23.6,30.62735234,1515.658395,0.703824405,0.535999509
BA-2010,29,BA,NE,292870,2928703,Santo Antônio de Jesus,4,2010,2177,28,90985,30.8,30.8,12.38 ,11.4 ,16.4,4.6,13,3,31,116,5,16.9,30.69145411,1248.792245,0.667845993,0.478969371
BA-2010,29,BA,NE,292880,2928802,Santo Estêvão,2,2010,2178,242,47880,505.4,505.4,21.48 ,15.2 ,32.39,8.4,42,3,28,19,0,18,33.68026862,726.3161375,0.56308285,0.293022666
BA-2010,29,BA,NE,292890,2928901,São Desidério,3,2010,2179,21,27659,75.9,75.9,25.53 ,35.7 ,39.34,18.6,69,10,14,8,,28.9,32.8454562,1024.066753,0.529455059,0.274067841
BA-2010,29,BA,NE,292895,2928950,São Domingos,2,2010,2180,0,9226,0.0,0.0,22.14 ,12.1 ,25,4.5,36,2,10,4,,26.2,35.25976612,577.3701814,0.572552293,0.296181974
BA-2010,29,BA,NE,292900,2929008,São Félix,4,2010,2181,2,14098,14.2,14.2,15.01 ,25.4 ,36.48,12.8,34,1,9,20,,24.1,30.3948842,1101.844209,0.68283393,0.473660465
BA-2010,29,BA,NE,292905,2929057,São Félix do Coribe,3,2010,2182,24,13048,183.9,183.9,16.83 ,6.7 ,30.14,2.0,19,7,11,6,0,21.6,31.29973375,871.9680557,0.624408888,0.386741465
BA-2010,29,BA,NE,292910,2929107,São Felipe,4,2010,2183,12,20305,59.1,59.1,22.71 ,43.6 ,27.31,15.6,52,1,12,4,0,21.1,31.14964482,1282.301733,0.664610975,0.473101138
BA-2010,29,BA,NE,292920,2929206,São Francisco do Conde,4,2010,2184,34,33183,102.5,102.5,10.1 ,1.4 ,19.08,0.9,18,2,19,24,0,17.4,29.19572414,1749.718721,0.666277108,0.555562726
BA-2010,29,BA,NE,292925,2929255,São Gabriel,5,2010,2185,529,18427,2870.8,2870.8,19.56 ,14.0 ,42.46,6.2,43,6,13,3,1,36.7,35.51914961,495.527588,0.413672278,0.120161969
BA-2010,29,BA,NE,292930,2929305,São Gonçalo dos Campos,4,2010,2186,4,33283,12.0,12.0,15.03 ,18.3 ,23.92,5.5,50,2,26,16,1,27,32.12377248,1058.287782,0.640816566,0.428354131
BA-2010,29,BA,NE,292935,2929354,São José da Vitória,4,2010,2187,6,5715,105.0,105.0,28.08 ,6.6 ,35.61,2.2,10,5,3,,0,40.7,26.72641883,1264.95772,0.829500514,0.680803113
BA-2010,29,BA,NE,292937,2929370,São José do Jacuípe,2,2010,2188,18,10180,176.8,176.8,28.56 ,19.5 ,35.64,10.6,31,3,4,1,0,32.1,36.09820804,610.8376889,0.518997346,0.23791156
BA-2010,29,BA,NE,292940,2929404,São Miguel das Matas,4,2010,2189,0,10414,0.0,0.0,24.61 ,51.3 ,40.7,22.3,68,0,5,2,1,21.7,30.08143899,1103.974328,0.689737512,0.517355489
BA-2010,29,BA,NE,292950,2929503,São Sebastião do Passé,4,2010,2190,84,42153,199.3,199.3,13.77 ,9.3 ,27.16,3.6,22,3,28,20,0,17.4,32.20338205,1720.130244,0.693773322,0.492775787
BA-2010,29,BA,NE,292960,2929602,Sapeaçu,4,2010,2191,5,16585,30.1,30.1,15.88 ,39.0 ,34.03,11.6,51,3,16,6,1,30.3,31.91478607,988.5081503,0.63945043,0.411542363
BA-2010,29,BA,NE,292970,2929701,Sátiro Dias,2,2010,2192,32,18964,168.7,168.7,30.37 ,13.1 ,50.39,9.0,77,3,8,6,2,30,32.07307591,840.8851684,0.596791692,0.328026954
BA-2010,29,BA,NE,292975,2929750,Saubara,4,2010,2193,0,11201,0.0,0.0,14.57 ,2.8 ,36.4,1.2,2,1,5,1,0,29.6,28.10650397,1652.950781,0.636485984,0.532613897
BA-2010,29,BA,NE,292980,2929800,Saúde,2,2010,2194,19,11845,160.4,160.4,21.74 ,18.2 ,46.75,7.8,44,4,9,3,2,40.8,32.80151941,900.1081887,0.662553696,0.424467879
BA-2010,29,BA,NE,292990,2929909,Seabra,2,2010,2195,129,41798,308.6,308.6,16.1 ,24.7 ,37.77,8.6,52,4,29,15,1,25.5,29.0140216,643.2654026,0.580728988,0.315297127
BA-2010,29,BA,NE,293000,2930006,Sebastião Laranjeiras,3,2010,2196,40,10371,385.7,385.7,24.78 ,32.1 ,34.26,15.6,61,10,8,2,0,22.7,33.72398877,712.6551194,0.510834263,0.228181068
BA-2010,29,BA,NE,293010,2930105,Senhor do Bonfim,2,2010,2197,87,74419,116.9,116.9,16.31 ,7.2 ,29.25,3.7,23,8,73,40,0,23.4,34.08286133,758.1098393,0.586193122,0.32366326
BA-2010,29,BA,NE,293015,2930154,Serra do Ramalho,3,2010,2198,1,31638,3.2,3.2,24.77 ,17.0 ,46.47,7.1,80,15,24,4,10,23,33.46430308,744.4792579,0.565411179,0.323963997
BA-2010,29,BA,NE,293020,2930204,Sento Sé,2,2010,2199,20,37425,53.4,53.4,24.53 ,15.9 ,47.8,8.9,42,7,3,3,1,22.5,32.20065776,499.6510832,0.46632091,0.218013808
BA-2010,29,BA,NE,293030,2930303,Serra Dourada,3,2010,2200,66,18112,364.4,364.4,23.85 ,34.8 ,42.35,11.1,67,4,12,2,0,23.1,33.63166331,721.5879396,0.560892101,0.320712647
BA-2010,29,BA,NE,293040,2930402,Serra Preta,4,2010,2201,2,15401,13.0,13.0,27.78 ,42.0 ,40.56,21.0,55,1,13,5,3,30.8,35.03545678,602.909228,0.594422297,0.351067051
BA-2010,29,BA,NE,293050,2930501,Serrinha,2,2010,2202,0,76762,0.0,0.0,17.01 ,11.2 ,31.34,7.4,39,3,72,37,,22.6,33.26029549,723.8711186,0.596155849,0.311367361
BA-2010,29,BA,NE,293060,2930600,Serrolândia,2,2010,2203,2,12344,16.2,16.2,22.61 ,9.7 ,37.77,3.9,41,3,8,2,1,33.1,35.92608427,685.9806697,0.508146886,0.209422975
BA-2010,29,BA,NE,293070,2930709,Simões Filho,4,2010,2204,146,118047,123.7,123.7,7.9 ,3.0 ,23.26,1.1,10,7,21,43,1,17.3,30.03140653,1815.274202,0.654562144,0.49108083
BA-2010,29,BA,NE,293075,2930758,Sítio do Mato,3,2010,2205,2,12050,16.6,16.6,21.02 ,30.4 ,67.48,13.1,43,5,8,3,2,23.1,34.11503463,708.4845854,0.544800696,0.306084897
BA-2010,29,BA,NE,293076,2930766,Sítio do Quinto,2,2010,2206,1,12592,7.9,7.9,37.98 ,24.7 ,46.3,19.3,59,6,8,1,3,38.6,35.51942962,630.2754553,0.602661215,0.337338873
BA-2010,29,BA,NE,293077,2930774,Sobradinho,2,2010,2207,2,22000,9.1,9.1,18.39 ,6.2 ,28.29,3.1,9,32,11,10,5,27.7,33.49054165,396.2816884,0.407045873,0.110721818
BA-2010,29,BA,NE,293080,2930808,Souto Soares,2,2010,2208,529,15899,3327.3,3327.3,20.92 ,10.1 ,45.82,4.1,62,4,10,4,2,30.5,30.70343649,698.6435101,0.56146168,0.262752925
BA-2010,29,BA,NE,293090,2930907,Tabocas do Brejo Velho,3,2010,2209,174,11431,1522.2,1522.2,29.38 ,10.2 ,48.19,5.3,66,2,7,,0,25,31.16239269,874.3878402,0.641933346,0.411188951
BA-2010,29,BA,NE,293100,2931004,Tanhaçu,2,2010,2210,1,20013,5.0,5.0,25.92 ,46.7 ,38.08,17.2,59,4,14,8,1,23.6,34.35148327,539.7720287,0.409808168,0.101288199
BA-2010,29,BA,NE,293105,2931053,Tanque Novo,2,2010,2211,10,16128,62.0,62.0,27.81 ,34.8 ,42.25,15.5,55,3,9,3,0,22.6,32.14227639,768.554017,0.524029284,0.237729779
BA-2010,29,BA,NE,293110,2931103,Tanquinho,4,2010,2212,11,8008,137.4,137.4,19.58 ,17.4 ,34.06,5.9,29,1,4,2,0,24.2,34.14891557,674.5979024,0.598973744,0.351915696
BA-2010,29,BA,NE,293120,2931202,Taperoá,4,2010,2213,0,18748,0.0,0.0,27.21 ,34.9 ,40.64,21.3,54,1,8,4,,26.7,26.76222836,1520.288257,0.80140753,0.665627786
BA-2010,29,BA,NE,293130,2931301,Tapiramutá,2,2010,2214,15,16516,90.8,90.8,23.61 ,11.0 ,41.79,6.4,23,3,13,8,,27,30.88652925,705.8864642,0.670863895,0.43423445
BA-2010,29,BA,NE,293135,2931350,Teixeira de Freitas,4,2010,2215,1367,138341,988.1,988.1,14.65 ,3.2 ,15.08,1.2,7,20,102,110,15,21.21,30.62663574,1127.071674,0.654012597,0.451655642
BA-2010,29,BA,NE,293140,2931400,Teodoro Sampaio,4,2010,2216,1,7895,12.7,12.7,22.95 ,15.4 ,39.78,9.8,20,2,7,5,2,23.3,32.776225,1240.505738,0.690364002,0.487539315
BA-2010,29,BA,NE,293150,2931509,Teofilândia,2,2010,2217,137,21482,637.7,637.7,24.94 ,24.1 ,39.45,14.0,69,3,13,3,4,29.8,35.178203,671.6978588,0.538981595,0.243323686
BA-2010,29,BA,NE,293160,2931608,Teolândia,4,2010,2218,1,14836,6.7,6.7,30.8 ,48.7 ,40.01,30.5,66,1,8,4,2,26.3,27.6346101,1211.781871,0.777339016,0.610724257
BA-2010,29,BA,NE,293170,2931707,Terra Nova,4,2010,2219,0,12803,0.0,0.0,13.08 ,6.9 ,25.27,3.9,10,1,6,5,,37.4,32.44193323,1480.62447,0.686638646,0.486967283
BA-2010,29,BA,NE,293180,2931806,Tremedal,4,2010,2220,2,17029,11.7,11.7,30.6 ,62.1 ,40.5,25.7,77,5,13,6,2,27.6,30.36049877,715.8952006,0.573726613,0.302713436
BA-2010,29,BA,NE,293190,2931905,Tucano,2,2010,2221,15,52418,28.6,28.6,29.39 ,18.9 ,45.08,10.6,58,2,27,11,8,35,34.22090392,568.1846348,0.568769751,0.298940182
BA-2010,29,BA,NE,293200,2932002,Uauá,2,2010,2222,1,24294,4.1,4.1,23.51 ,40.1 ,44.51,15.8,56,3,14,3,2,27.9,34.58846392,591.7245832,0.481471335,0.155686172
BA-2010,29,BA,NE,293210,2932101,Ubaíra,4,2010,2223,1,19750,5.1,5.1,29.87 ,38.6 ,43.01,23.1,55,2,9,4,0,25.8,28.36013819,885.3116,0.722507938,0.532018686
BA-2010,29,BA,NE,293220,2932200,Ubaitaba,4,2010,2224,3,20691,14.5,14.5,21.32 ,11.2 ,33.35,5.5,15,3,14,6,,24.3,26.89744482,1209.478714,0.802394628,0.654567673
BA-2010,29,BA,NE,293230,2932309,Ubatã,4,2010,2225,30,25004,120.0,120.0,26.77 ,21.7 ,38.08,10.2,28,2,6,1,2,20.9,26.79377129,1125.734004,0.79482481,0.640114232
BA-2010,29,BA,NE,293240,2932408,Uibaí,2,2010,2226,17,13625,124.8,124.8,16.58 ,2.9 ,36.52,0.5,39,6,13,2,0,26,32.1331566,612.9543529,0.535705188,0.239699216
BA-2010,29,BA,NE,293245,2932457,Umburanas,2,2010,2227,1,17000,5.9,5.9,25.39 ,35.8 ,56.7,11.2,56,1,5,4,0,36.4,31.40035444,471.5923386,0.541476838,0.243825859
BA-2010,29,BA,NE,293250,2932507,Una,4,2010,2228,91,24110,377.4,377.4,25.4 ,31.0 ,33.03,14.2,38,5,7,9,,35.3,26.22119651,1627.372147,0.810954426,0.684422168
BA-2010,29,BA,NE,293260,2932606,Urandi,2,2010,2229,3,16466,18.2,18.2,23.26 ,20.3 ,28.55,9.1,64,8,11,8,4,24.6,32.46371407,653.7634705,0.512920293,0.246898575
BA-2010,29,BA,NE,293270,2932705,Uruçuca,4,2010,2230,154,19837,776.3,776.3,21.91 ,17.6 ,25.02,9.9,21,4,11,7,,26,25.30509937,1324.108609,0.827330461,0.709437519
BA-2010,29,BA,NE,293280,2932804,Utinga,2,2010,2231,135,18173,742.9,742.9,20.97 ,12.6 ,39.92,6.4,30,4,14,4,0,36.1,31.06112091,627.7152645,0.632998108,0.38362497
BA-2010,29,BA,NE,293290,2932903,Valença,4,2010,2232,24,88673,27.1,27.1,19.2 ,21.8 ,29.66,14.5,27,2,70,38,4,22.6,27.57339236,1514.227125,0.760154687,0.625901749
BA-2010,29,BA,NE,293300,2933000,Valente,2,2010,2233,92,24560,374.6,374.6,16.15 ,10.7 ,19.65,2.9,45,1,21,11,1,31.4,34.48526025,520.2416916,0.587592765,0.312351592
BA-2010,29,BA,NE,293305,2933059,Várzea da Roça,2,2010,2234,117,13786,848.7,848.7,28.96 ,20.0 ,43.41,13.5,53,3,13,5,3,23,35.48797792,700.6543841,0.53548878,0.247993015
BA-2010,29,BA,NE,293310,2933109,Várzea do Poço,2,2010,2235,2,8661,23.1,23.1,23.7 ,12.8 ,37.31,6.0,33,3,5,4,1,35.9,34.43395698,742.8168918,0.553994442,0.272193512
BA-2010,29,BA,NE,293315,2933158,Várzea Nova,2,2010,2236,50,13073,382.5,382.5,23.57 ,22.4 ,43.25,9.4,35,9,8,1,1,40.8,33.76069339,593.2758864,0.476791158,0.165228996
BA-2010,29,BA,NE,293317,2933174,Varzedo,4,2010,2237,2,9109,22.0,22.0,26.23 ,25.9 ,36.56,14.0,63,1,6,,0,26.8,29.97866623,1049.267985,0.696754138,0.518487036
BA-2010,29,BA,NE,293320,2933208,Vera Cruz,4,2010,2238,0,37567,0.0,0.0,10.75 ,3.3 ,30.91,2.0,6,4,21,23,,16.7,27.75358339,2062.536113,0.637896877,0.528045862
BA-2010,29,BA,NE,293325,2933257,Vereda,4,2010,2239,0,6800,0.0,0.0,30.88 ,28.4 ,31.68,12.9,80,15,6,9,0,22.8,30.75842719,1090.395504,0.650177047,0.448973994
BA-2010,29,BA,NE,293330,2933307,Vitória da Conquista,4,2010,2240,73,306866,23.8,23.8,13.33 ,7.4 ,17.53,4.1,11,7,115,323,0,21.24,31.45874655,660.9219979,0.570877457,0.300704169
BA-2010,29,BA,NE,293340,2933406,Wagner,2,2010,2241,6,8983,66.8,66.8,21.58 ,13.4 ,37.71,9.1,28,3,7,2,0,29.9,30.51986493,677.950583,0.662730714,0.426906529
BA-2010,29,BA,NE,293345,2933455,Wanderley,3,2010,2242,65,12485,520.6,520.6,24.74 ,32.7 ,45.44,11.2,53,5,6,1,2,25,33.40769225,895.5952417,0.586715302,0.362793256
BA-2010,29,BA,NE,293350,2933505,Wenceslau Guimarães,4,2010,2243,26,22189,117.2,117.2,30.47 ,45.1 ,34.04,25.4,66,1,16,5,4,27.1,27.69028342,1131.258084,0.777505382,0.605929033
BA-2010,29,BA,NE,293360,2933604,Xique Xique,2,2010,2244,4,45536,8.8,8.8,22.23 ,15.4 ,42.12,8.7,29,5,13,10,0,29,34.48126491,654.3398967,0.477004905,0.208546619
